-- Use the AutomobileDealership database
USE AutomobileDealership;
GO

SET IDENTITY_INSERT [User] ON;

-- Insert statements for [User]
INSERT INTO [User] (UserID, FirstName, LastName, Email, PhoneNumber, Street, City, [State]) VALUES (100000, 'John', 'Davis', 'john.davis0@example.com', '488-945-2084', '5283 Ash Dr', 'San Jose', 'CA');
INSERT INTO [User] (UserID, FirstName, LastName, Email, PhoneNumber, Street, City, [State]) VALUES (100001, 'Alex', 'Hernandez', 'alex.hernandez1@example.com', '319-308-6458', '2599 3rd Ave', 'San Diego', 'CA');
INSERT INTO [User] (UserID, FirstName, LastName, Email, PhoneNumber, Street, City, [State]) VALUES (100002, 'Emily', 'Johnson', 'emily.johnson2@example.com', '822-263-5477', '9847 Oak St', 'Philadelphia', 'PA');
INSERT INTO [User] (UserID, FirstName, LastName, Email, PhoneNumber, Street, City, [State]) VALUES (100003, 'Emily', 'Martinez', 'emily.martinez3@example.com', '662-309-7044', '4621 Oak St', 'New York', 'NY');
INSERT INTO [User] (UserID, FirstName, LastName, Email, PhoneNumber, Street, City, [State]) VALUES (100004, 'Jane', 'Williams', 'jane.williams4@example.com', '804-778-5727', '1275 Elm St', 'San Antonio', 'TX');
INSERT INTO [User] (UserID, FirstName, LastName, Email, PhoneNumber, Street, City, [State]) VALUES (100005, 'Jane', 'Hernandez', 'jane.hernandez5@example.com', '253-704-6562', '7420 Main St', 'Chicago', 'IL');
INSERT INTO [User] (UserID, FirstName, LastName, Email, PhoneNumber, Street, City, [State]) VALUES (100006, 'Daniel', 'Davis', 'daniel.davis6@example.com', '939-529-8531', '8035 Oak St', 'San Antonio', 'TX');
INSERT INTO [User] (UserID, FirstName, LastName, Email, PhoneNumber, Street, City, [State]) VALUES (100007, 'Chris', 'Smith', 'chris.smith7@example.com', '696-510-9403', '9055 Park Blvd', 'Dallas', 'TX');
INSERT INTO [User] (UserID, FirstName, LastName, Email, PhoneNumber, Street, City, [State]) VALUES (100008, 'John', 'Brown', 'john.brown8@example.com', '915-395-4886', '8204 Maple St', 'Phoenix', 'AZ');
INSERT INTO [User] (UserID, FirstName, LastName, Email, PhoneNumber, Street, City, [State]) VALUES (100009, 'Jane', 'Hernandez', 'jane.hernandez9@example.com', '992-935-8012', '1742 Main St', 'New York', 'NY');
INSERT INTO [User] (UserID, FirstName, LastName, Email, PhoneNumber, Street, City, [State]) VALUES (100010, 'Daniel', 'Davis', 'daniel.davis10@example.com', '224-343-3369', '5731 Elm St', 'Philadelphia', 'PA');
INSERT INTO [User] (UserID, FirstName, LastName, Email, PhoneNumber, Street, City, [State]) VALUES (100011, 'Emma', 'Brown', 'emma.brown11@example.com', '410-993-5324', '163 Ash Dr', 'Philadelphia', 'PA');
INSERT INTO [User] (UserID, FirstName, LastName, Email, PhoneNumber, Street, City, [State]) VALUES (100012, 'Daniel', 'Johnson', 'daniel.johnson12@example.com', '813-794-6781', '4654 Ash Dr', 'Phoenix', 'AZ');
INSERT INTO [User] (UserID, FirstName, LastName, Email, PhoneNumber, Street, City, [State]) VALUES (100013, 'Michael', 'Hernandez', 'michael.hernandez13@example.com', '491-474-1239', '193 3rd Ave', 'New York', 'NY');
INSERT INTO [User] (UserID, FirstName, LastName, Email, PhoneNumber, Street, City, [State]) VALUES (100014, 'Emily', 'Williams', 'emily.williams14@example.com', '362-758-8274', '6407 2nd St', 'Phoenix', 'AZ');
INSERT INTO [User] (UserID, FirstName, LastName, Email, PhoneNumber, Street, City, [State]) VALUES (100015, 'Emma', 'Miller', 'emma.miller15@example.com', '960-525-3193', '2799 Ash Dr', 'San Jose', 'CA');
INSERT INTO [User] (UserID, FirstName, LastName, Email, PhoneNumber, Street, City, [State]) VALUES (100016, 'Sarah', 'Williams', 'sarah.williams16@example.com', '557-240-4738', '4085 Cedar Blvd', 'San Antonio', 'TX');
INSERT INTO [User] (UserID, FirstName, LastName, Email, PhoneNumber, Street, City, [State]) VALUES (100017, 'Emma', 'Hernandez', 'emma.hernandez17@example.com', '510-970-1291', '4300 Maple St', 'San Diego', 'CA');
INSERT INTO [User] (UserID, FirstName, LastName, Email, PhoneNumber, Street, City, [State]) VALUES (100018, 'Daniel', 'Williams', 'daniel.williams18@example.com', '308-409-2499', '3370 2nd St', 'Chicago', 'IL');
INSERT INTO [User] (UserID, FirstName, LastName, Email, PhoneNumber, Street, City, [State]) VALUES (100019, 'Emily', 'Hernandez', 'emily.hernandez19@example.com', '239-425-4569', '7998 Cedar Blvd', 'Philadelphia', 'PA');
INSERT INTO [User] (UserID, FirstName, LastName, Email, PhoneNumber, Street, City, [State]) VALUES (100020, 'John', 'Garcia', 'john.garcia20@example.com', '525-668-3739', '1713 Cedar Blvd', 'Chicago', 'IL');
INSERT INTO [User] (UserID, FirstName, LastName, Email, PhoneNumber, Street, City, [State]) VALUES (100021, 'Alex', 'Miller', 'alex.miller21@example.com', '331-283-1321', '5601 Park Blvd', 'San Antonio', 'TX');
INSERT INTO [User] (UserID, FirstName, LastName, Email, PhoneNumber, Street, City, [State]) VALUES (100022, 'Emily', 'Jones', 'emily.jones22@example.com', '221-882-4696', '7418 3rd Ave', 'Houston', 'TX');
INSERT INTO [User] (UserID, FirstName, LastName, Email, PhoneNumber, Street, City, [State]) VALUES (100023, 'Chris', 'Jones', 'chris.jones23@example.com', '356-415-9524', '3968 Maple St', 'San Diego', 'CA');
INSERT INTO [User] (UserID, FirstName, LastName, Email, PhoneNumber, Street, City, [State]) VALUES (100024, 'Emily', 'Garcia', 'emily.garcia24@example.com', '608-721-3979', '918 3rd Ave', 'Phoenix', 'AZ');
INSERT INTO [User] (UserID, FirstName, LastName, Email, PhoneNumber, Street, City, [State]) VALUES (100025, 'Emma', 'Miller', 'emma.miller25@example.com', '551-703-7553', '638 Cedar Blvd', 'Los Angeles', 'CA');
INSERT INTO [User] (UserID, FirstName, LastName, Email, PhoneNumber, Street, City, [State]) VALUES (100026, 'Michael', 'Miller', 'michael.miller26@example.com', '904-289-7449', '9863 2nd St', 'Phoenix', 'AZ');
INSERT INTO [User] (UserID, FirstName, LastName, Email, PhoneNumber, Street, City, [State]) VALUES (100027, 'Jane', 'Martinez', 'jane.martinez27@example.com', '643-538-7081', '3441 3rd Ave', 'Philadelphia', 'PA');
INSERT INTO [User] (UserID, FirstName, LastName, Email, PhoneNumber, Street, City, [State]) VALUES (100028, 'Chris', 'Davis', 'chris.davis28@example.com', '683-920-7012', '504 Cedar Blvd', 'Philadelphia', 'PA');
INSERT INTO [User] (UserID, FirstName, LastName, Email, PhoneNumber, Street, City, [State]) VALUES (100029, 'Alex', 'Miller', 'alex.miller29@example.com', '420-488-8078', '2063 2nd St', 'Chicago', 'IL');
INSERT INTO [User] (UserID, FirstName, LastName, Email, PhoneNumber, Street, City, [State]) VALUES (100030, 'Emma', 'Davis', 'emma.davis30@example.com', '513-344-8641', '4519 Oak St', 'Houston', 'TX');
INSERT INTO [User] (UserID, FirstName, LastName, Email, PhoneNumber, Street, City, [State]) VALUES (100031, 'Sophia', 'Johnson', 'sophia.johnson31@example.com', '200-528-7405', '4578 Ash Dr', 'Los Angeles', 'CA');
INSERT INTO [User] (UserID, FirstName, LastName, Email, PhoneNumber, Street, City, [State]) VALUES (100032, 'John', 'Johnson', 'john.johnson32@example.com', '738-530-3105', '4821 3rd Ave', 'Dallas', 'TX');
INSERT INTO [User] (UserID, FirstName, LastName, Email, PhoneNumber, Street, City, [State]) VALUES (100033, 'Sophia', 'Williams', 'sophia.williams33@example.com', '885-936-4803', '6464 Cedar Blvd', 'San Jose', 'CA');
INSERT INTO [User] (UserID, FirstName, LastName, Email, PhoneNumber, Street, City, [State]) VALUES (100034, 'Michael', 'Garcia', 'michael.garcia34@example.com', '699-856-2685', '4545 Cedar Blvd', 'Los Angeles', 'CA');
INSERT INTO [User] (UserID, FirstName, LastName, Email, PhoneNumber, Street, City, [State]) VALUES (100035, 'Sarah', 'Johnson', 'sarah.johnson35@example.com', '423-753-8361', '6133 Main St', 'Phoenix', 'AZ');
INSERT INTO [User] (UserID, FirstName, LastName, Email, PhoneNumber, Street, City, [State]) VALUES (100036, 'John', 'Jones', 'john.jones36@example.com', '870-892-6995', '5429 Pine Ave', 'Houston', 'TX');
INSERT INTO [User] (UserID, FirstName, LastName, Email, PhoneNumber, Street, City, [State]) VALUES (100037, 'Sarah', 'Garcia', 'sarah.garcia37@example.com', '270-929-3506', '8614 Oak St', 'San Diego', 'CA');
INSERT INTO [User] (UserID, FirstName, LastName, Email, PhoneNumber, Street, City, [State]) VALUES (100038, 'Sophia', 'Hernandez', 'sophia.hernandez38@example.com', '311-388-1617', '2967 Elm St', 'Dallas', 'TX');
INSERT INTO [User] (UserID, FirstName, LastName, Email, PhoneNumber, Street, City, [State]) VALUES (100039, 'Sophia', 'Hernandez', 'sophia.hernandez39@example.com', '907-877-2868', '4883 Ash Dr', 'Dallas', 'TX');
INSERT INTO [User] (UserID, FirstName, LastName, Email, PhoneNumber, Street, City, [State]) VALUES (100040, 'Jane', 'Williams', 'jane.williams40@example.com', '828-229-8481', '7736 Oak St', 'San Antonio', 'TX');
INSERT INTO [User] (UserID, FirstName, LastName, Email, PhoneNumber, Street, City, [State]) VALUES (100041, 'Michael', 'Williams', 'michael.williams41@example.com', '636-273-7435', '1437 Maple St', 'Philadelphia', 'PA');
INSERT INTO [User] (UserID, FirstName, LastName, Email, PhoneNumber, Street, City, [State]) VALUES (100042, 'Emma', 'Jones', 'emma.jones42@example.com', '579-256-8302', '6054 Ash Dr', 'Dallas', 'TX');
INSERT INTO [User] (UserID, FirstName, LastName, Email, PhoneNumber, Street, City, [State]) VALUES (100043, 'Emma', 'Williams', 'emma.williams43@example.com', '449-223-6455', '2969 Oak St', 'Phoenix', 'AZ');
INSERT INTO [User] (UserID, FirstName, LastName, Email, PhoneNumber, Street, City, [State]) VALUES (100044, 'Sophia', 'Brown', 'sophia.brown44@example.com', '427-224-7246', '9643 Elm St', 'Los Angeles', 'CA');
INSERT INTO [User] (UserID, FirstName, LastName, Email, PhoneNumber, Street, City, [State]) VALUES (100045, 'John', 'Smith', 'john.smith45@example.com', '736-600-3549', '3844 Park Blvd', 'New York', 'NY');
INSERT INTO [User] (UserID, FirstName, LastName, Email, PhoneNumber, Street, City, [State]) VALUES (100046, 'Sarah', 'Brown', 'sarah.brown46@example.com', '338-666-6501', '9424 Oak St', 'San Antonio', 'TX');
INSERT INTO [User] (UserID, FirstName, LastName, Email, PhoneNumber, Street, City, [State]) VALUES (100047, 'Sarah', 'Smith', 'sarah.smith47@example.com', '972-969-2612', '7858 Elm St', 'Philadelphia', 'PA');
INSERT INTO [User] (UserID, FirstName, LastName, Email, PhoneNumber, Street, City, [State]) VALUES (100048, 'Chris', 'Jones', 'chris.jones48@example.com', '443-800-8138', '5344 Main St', 'Philadelphia', 'PA');
INSERT INTO [User] (UserID, FirstName, LastName, Email, PhoneNumber, Street, City, [State]) VALUES (100049, 'Sophia', 'Davis', 'sophia.davis49@example.com', '251-447-1870', '7973 Main St', 'San Diego', 'CA');
INSERT INTO [User] (UserID, FirstName, LastName, Email, PhoneNumber, Street, City, [State]) VALUES (100050, 'Chris', 'Miller', 'chris.miller50@example.com', '762-835-9556', '463 Park Blvd', 'Dallas', 'TX');
INSERT INTO [User] (UserID, FirstName, LastName, Email, PhoneNumber, Street, City, [State]) VALUES (100051, 'Michael', 'Brown', 'michael.brown51@example.com', '712-695-3560', '775 Cedar Blvd', 'Chicago', 'IL');
INSERT INTO [User] (UserID, FirstName, LastName, Email, PhoneNumber, Street, City, [State]) VALUES (100052, 'Michael', 'Williams', 'michael.williams52@example.com', '727-451-1815', '245 Cedar Blvd', 'San Jose', 'CA');
INSERT INTO [User] (UserID, FirstName, LastName, Email, PhoneNumber, Street, City, [State]) VALUES (100053, 'Chris', 'Johnson', 'chris.johnson53@example.com', '335-230-8443', '3929 Pine Ave', 'San Diego', 'CA');
INSERT INTO [User] (UserID, FirstName, LastName, Email, PhoneNumber, Street, City, [State]) VALUES (100054, 'Emma', 'Jones', 'emma.jones54@example.com', '772-353-2325', '2315 Elm St', 'New York', 'NY');
INSERT INTO [User] (UserID, FirstName, LastName, Email, PhoneNumber, Street, City, [State]) VALUES (100055, 'Jane', 'Miller', 'jane.miller55@example.com', '640-343-8082', '829 3rd Ave', 'San Jose', 'CA');
INSERT INTO [User] (UserID, FirstName, LastName, Email, PhoneNumber, Street, City, [State]) VALUES (100056, 'Sophia', 'Martinez', 'sophia.martinez56@example.com', '331-824-1504', '96 Main St', 'San Diego', 'CA');
INSERT INTO [User] (UserID, FirstName, LastName, Email, PhoneNumber, Street, City, [State]) VALUES (100057, 'Emma', 'Hernandez', 'emma.hernandez57@example.com', '604-507-3687', '8474 Main St', 'New York', 'NY');
INSERT INTO [User] (UserID, FirstName, LastName, Email, PhoneNumber, Street, City, [State]) VALUES (100058, 'Daniel', 'Johnson', 'daniel.johnson58@example.com', '256-874-6550', '4394 Pine Ave', 'San Antonio', 'TX');
INSERT INTO [User] (UserID, FirstName, LastName, Email, PhoneNumber, Street, City, [State]) VALUES (100059, 'Alex', 'Garcia', 'alex.garcia59@example.com', '530-715-1525', '9120 Ash Dr', 'San Antonio', 'TX');
INSERT INTO [User] (UserID, FirstName, LastName, Email, PhoneNumber, Street, City, [State]) VALUES (100060, 'Daniel', 'Jones', 'daniel.jones60@example.com', '398-445-4346', '4999 2nd St', 'Los Angeles', 'CA');
INSERT INTO [User] (UserID, FirstName, LastName, Email, PhoneNumber, Street, City, [State]) VALUES (100061, 'Sophia', 'Miller', 'sophia.miller61@example.com', '352-932-6948', '9053 Oak St', 'New York', 'NY');
INSERT INTO [User] (UserID, FirstName, LastName, Email, PhoneNumber, Street, City, [State]) VALUES (100062, 'Sarah', 'Williams', 'sarah.williams62@example.com', '375-521-2868', '6166 Cedar Blvd', 'San Diego', 'CA');
INSERT INTO [User] (UserID, FirstName, LastName, Email, PhoneNumber, Street, City, [State]) VALUES (100063, 'Michael', 'Jones', 'michael.jones63@example.com', '510-743-6807', '2274 Maple St', 'San Jose', 'CA');
INSERT INTO [User] (UserID, FirstName, LastName, Email, PhoneNumber, Street, City, [State]) VALUES (100064, 'Michael', 'Brown', 'michael.brown64@example.com', '621-714-2086', '8715 Park Blvd', 'New York', 'NY');
INSERT INTO [User] (UserID, FirstName, LastName, Email, PhoneNumber, Street, City, [State]) VALUES (100065, 'Jane', 'Jones', 'jane.jones65@example.com', '983-455-2548', '2575 Cedar Blvd', 'Dallas', 'TX');
INSERT INTO [User] (UserID, FirstName, LastName, Email, PhoneNumber, Street, City, [State]) VALUES (100066, 'Sophia', 'Jones', 'sophia.jones66@example.com', '747-917-3047', '5851 Elm St', 'San Jose', 'CA');
INSERT INTO [User] (UserID, FirstName, LastName, Email, PhoneNumber, Street, City, [State]) VALUES (100067, 'Sarah', 'Davis', 'sarah.davis67@example.com', '928-717-9938', '6181 2nd St', 'Dallas', 'TX');
INSERT INTO [User] (UserID, FirstName, LastName, Email, PhoneNumber, Street, City, [State]) VALUES (100068, 'Emily', 'Miller', 'emily.miller68@example.com', '327-400-5441', '4260 3rd Ave', 'San Diego', 'CA');
INSERT INTO [User] (UserID, FirstName, LastName, Email, PhoneNumber, Street, City, [State]) VALUES (100069, 'Jane', 'Garcia', 'jane.garcia69@example.com', '745-943-7114', '7518 3rd Ave', 'Los Angeles', 'CA');
INSERT INTO [User] (UserID, FirstName, LastName, Email, PhoneNumber, Street, City, [State]) VALUES (100070, 'Sarah', 'Hernandez', 'sarah.hernandez70@example.com', '611-955-7653', '179 Oak St', 'New York', 'NY');
INSERT INTO [User] (UserID, FirstName, LastName, Email, PhoneNumber, Street, City, [State]) VALUES (100071, 'Alex', 'Davis', 'alex.davis71@example.com', '477-882-6196', '1109 Cedar Blvd', 'Houston', 'TX');
INSERT INTO [User] (UserID, FirstName, LastName, Email, PhoneNumber, Street, City, [State]) VALUES (100072, 'Chris', 'Williams', 'chris.williams72@example.com', '988-889-3149', '1001 Ash Dr', 'San Jose', 'CA');
INSERT INTO [User] (UserID, FirstName, LastName, Email, PhoneNumber, Street, City, [State]) VALUES (100073, 'Sophia', 'Miller', 'sophia.miller73@example.com', '283-487-3266', '9219 Ash Dr', 'New York', 'NY');
INSERT INTO [User] (UserID, FirstName, LastName, Email, PhoneNumber, Street, City, [State]) VALUES (100074, 'Jane', 'Smith', 'jane.smith74@example.com', '771-564-3154', '3586 3rd Ave', 'Houston', 'TX');
INSERT INTO [User] (UserID, FirstName, LastName, Email, PhoneNumber, Street, City, [State]) VALUES (100075, 'Sarah', 'Garcia', 'sarah.garcia75@example.com', '910-285-6144', '6874 3rd Ave', 'Philadelphia', 'PA');
INSERT INTO [User] (UserID, FirstName, LastName, Email, PhoneNumber, Street, City, [State]) VALUES (100076, 'Alex', 'Johnson', 'alex.johnson76@example.com', '735-556-1846', '9743 2nd St', 'Phoenix', 'AZ');
INSERT INTO [User] (UserID, FirstName, LastName, Email, PhoneNumber, Street, City, [State]) VALUES (100077, 'Jane', 'Davis', 'jane.davis77@example.com', '200-802-6882', '2190 Oak St', 'Philadelphia', 'PA');
INSERT INTO [User] (UserID, FirstName, LastName, Email, PhoneNumber, Street, City, [State]) VALUES (100078, 'Emma', 'Martinez', 'emma.martinez78@example.com', '532-741-2398', '9115 Elm St', 'San Antonio', 'TX');
INSERT INTO [User] (UserID, FirstName, LastName, Email, PhoneNumber, Street, City, [State]) VALUES (100079, 'John', 'Martinez', 'john.martinez79@example.com', '984-896-2660', '9795 Maple St', 'San Diego', 'CA');
INSERT INTO [User] (UserID, FirstName, LastName, Email, PhoneNumber, Street, City, [State]) VALUES (100080, 'Sarah', 'Garcia', 'sarah.garcia80@example.com', '892-526-5402', '436 Elm St', 'San Antonio', 'TX');
INSERT INTO [User] (UserID, FirstName, LastName, Email, PhoneNumber, Street, City, [State]) VALUES (100081, 'Daniel', 'Johnson', 'daniel.johnson81@example.com', '416-984-5921', '5936 2nd St', 'Houston', 'TX');
INSERT INTO [User] (UserID, FirstName, LastName, Email, PhoneNumber, Street, City, [State]) VALUES (100082, 'Daniel', 'Miller', 'daniel.miller82@example.com', '606-793-8605', '2734 Cedar Blvd', 'San Diego', 'CA');
INSERT INTO [User] (UserID, FirstName, LastName, Email, PhoneNumber, Street, City, [State]) VALUES (100083, 'Alex', 'Jones', 'alex.jones83@example.com', '480-693-4862', '8233 Main St', 'Houston', 'TX');
INSERT INTO [User] (UserID, FirstName, LastName, Email, PhoneNumber, Street, City, [State]) VALUES (100084, 'Emily', 'Williams', 'emily.williams84@example.com', '647-498-5878', '8206 3rd Ave', 'Los Angeles', 'CA');
INSERT INTO [User] (UserID, FirstName, LastName, Email, PhoneNumber, Street, City, [State]) VALUES (100085, 'Emily', 'Garcia', 'emily.garcia85@example.com', '459-849-1526', '4051 Pine Ave', 'Phoenix', 'AZ');
INSERT INTO [User] (UserID, FirstName, LastName, Email, PhoneNumber, Street, City, [State]) VALUES (100086, 'Daniel', 'Garcia', 'daniel.garcia86@example.com', '258-432-8674', '9093 Park Blvd', 'Philadelphia', 'PA');
INSERT INTO [User] (UserID, FirstName, LastName, Email, PhoneNumber, Street, City, [State]) VALUES (100087, 'Alex', 'Smith', 'alex.smith87@example.com', '402-687-4083', '5930 Maple St', 'San Antonio', 'TX');
INSERT INTO [User] (UserID, FirstName, LastName, Email, PhoneNumber, Street, City, [State]) VALUES (100088, 'Chris', 'Hernandez', 'chris.hernandez88@example.com', '918-728-3311', '3462 2nd St', 'Dallas', 'TX');
INSERT INTO [User] (UserID, FirstName, LastName, Email, PhoneNumber, Street, City, [State]) VALUES (100089, 'Jane', 'Johnson', 'jane.johnson89@example.com', '401-611-6530', '3371 Park Blvd', 'Houston', 'TX');
INSERT INTO [User] (UserID, FirstName, LastName, Email, PhoneNumber, Street, City, [State]) VALUES (100090, 'Sophia', 'Williams', 'sophia.williams90@example.com', '992-542-5822', '2805 Ash Dr', 'Los Angeles', 'CA');
INSERT INTO [User] (UserID, FirstName, LastName, Email, PhoneNumber, Street, City, [State]) VALUES (100091, 'Sarah', 'Davis', 'sarah.davis91@example.com', '916-739-7488', '3087 Cedar Blvd', 'Dallas', 'TX');
INSERT INTO [User] (UserID, FirstName, LastName, Email, PhoneNumber, Street, City, [State]) VALUES (100092, 'Alex', 'Hernandez', 'alex.hernandez92@example.com', '603-576-3532', '4519 Cedar Blvd', 'Dallas', 'TX');
INSERT INTO [User] (UserID, FirstName, LastName, Email, PhoneNumber, Street, City, [State]) VALUES (100093, 'Emma', 'Garcia', 'emma.garcia93@example.com', '407-450-6115', '8799 2nd St', 'Philadelphia', 'PA');
INSERT INTO [User] (UserID, FirstName, LastName, Email, PhoneNumber, Street, City, [State]) VALUES (100094, 'Alex', 'Jones', 'alex.jones94@example.com', '767-660-9437', '6933 3rd Ave', 'New York', 'NY');
INSERT INTO [User] (UserID, FirstName, LastName, Email, PhoneNumber, Street, City, [State]) VALUES (100095, 'Alex', 'Williams', 'alex.williams95@example.com', '630-450-3747', '6930 Main St', 'Dallas', 'TX');
INSERT INTO [User] (UserID, FirstName, LastName, Email, PhoneNumber, Street, City, [State]) VALUES (100096, 'Sarah', 'Hernandez', 'sarah.hernandez96@example.com', '672-383-2648', '492 Main St', 'Houston', 'TX');
INSERT INTO [User] (UserID, FirstName, LastName, Email, PhoneNumber, Street, City, [State]) VALUES (100097, 'Jane', 'Jones', 'jane.jones97@example.com', '501-721-1404', '7093 Oak St', 'Houston', 'TX');
INSERT INTO [User] (UserID, FirstName, LastName, Email, PhoneNumber, Street, City, [State]) VALUES (100098, 'John', 'Brown', 'john.brown98@example.com', '617-650-1947', '2973 Pine Ave', 'San Antonio', 'TX');
INSERT INTO [User] (UserID, FirstName, LastName, Email, PhoneNumber, Street, City, [State]) VALUES (100099, 'Emma', 'Martinez', 'emma.martinez99@example.com', '700-899-5454', '5683 Park Blvd', 'Phoenix', 'AZ');
INSERT INTO [User] (UserID, FirstName, LastName, Email, PhoneNumber, Street, City, [State]) VALUES (100100, 'Emily', 'Miller', 'emily.miller100@example.com', '841-645-3198', '4775 3rd Ave', 'Los Angeles', 'CA');
INSERT INTO [User] (UserID, FirstName, LastName, Email, PhoneNumber, Street, City, [State]) VALUES (100101, 'Daniel', 'Williams', 'daniel.williams101@example.com', '439-389-2516', '4212 Pine Ave', 'San Diego', 'CA');
INSERT INTO [User] (UserID, FirstName, LastName, Email, PhoneNumber, Street, City, [State]) VALUES (100102, 'Sophia', 'Smith', 'sophia.smith102@example.com', '843-399-6834', '4263 3rd Ave', 'Dallas', 'TX');
INSERT INTO [User] (UserID, FirstName, LastName, Email, PhoneNumber, Street, City, [State]) VALUES (100103, 'Chris', 'Garcia', 'chris.garcia103@example.com', '969-214-1878', '7212 3rd Ave', 'San Jose', 'CA');
INSERT INTO [User] (UserID, FirstName, LastName, Email, PhoneNumber, Street, City, [State]) VALUES (100104, 'Emma', 'Miller', 'emma.miller104@example.com', '983-308-3640', '6592 Ash Dr', 'Dallas', 'TX');
INSERT INTO [User] (UserID, FirstName, LastName, Email, PhoneNumber, Street, City, [State]) VALUES (100105, 'Sarah', 'Williams', 'sarah.williams105@example.com', '685-221-3683', '3108 3rd Ave', 'Chicago', 'IL');
INSERT INTO [User] (UserID, FirstName, LastName, Email, PhoneNumber, Street, City, [State]) VALUES (100106, 'Michael', 'Smith', 'michael.smith106@example.com', '739-563-3658', '4866 Cedar Blvd', 'New York', 'NY');
INSERT INTO [User] (UserID, FirstName, LastName, Email, PhoneNumber, Street, City, [State]) VALUES (100107, 'Chris', 'Davis', 'chris.davis107@example.com', '678-341-8644', '7536 Maple St', 'Houston', 'TX');
INSERT INTO [User] (UserID, FirstName, LastName, Email, PhoneNumber, Street, City, [State]) VALUES (100108, 'Michael', 'Hernandez', 'michael.hernandez108@example.com', '535-649-5671', '3700 Park Blvd', 'New York', 'NY');
INSERT INTO [User] (UserID, FirstName, LastName, Email, PhoneNumber, Street, City, [State]) VALUES (100109, 'Sarah', 'Hernandez', 'sarah.hernandez109@example.com', '832-925-8820', '3500 Park Blvd', 'Philadelphia', 'PA');
INSERT INTO [User] (UserID, FirstName, LastName, Email, PhoneNumber, Street, City, [State]) VALUES (100110, 'John', 'Jones', 'john.jones110@example.com', '813-771-2398', '7736 Pine Ave', 'Houston', 'TX');
INSERT INTO [User] (UserID, FirstName, LastName, Email, PhoneNumber, Street, City, [State]) VALUES (100111, 'Jane', 'Miller', 'jane.miller111@example.com', '357-506-4398', '1021 Oak St', 'Philadelphia', 'PA');
INSERT INTO [User] (UserID, FirstName, LastName, Email, PhoneNumber, Street, City, [State]) VALUES (100112, 'Chris', 'Jones', 'chris.jones112@example.com', '863-942-6069', '8261 Ash Dr', 'Los Angeles', 'CA');
INSERT INTO [User] (UserID, FirstName, LastName, Email, PhoneNumber, Street, City, [State]) VALUES (100113, 'Sarah', 'Jones', 'sarah.jones113@example.com', '791-997-2859', '6980 Main St', 'San Diego', 'CA');
INSERT INTO [User] (UserID, FirstName, LastName, Email, PhoneNumber, Street, City, [State]) VALUES (100114, 'Emily', 'Miller', 'emily.miller114@example.com', '558-362-5010', '607 Cedar Blvd', 'Houston', 'TX');
INSERT INTO [User] (UserID, FirstName, LastName, Email, PhoneNumber, Street, City, [State]) VALUES (100115, 'Michael', 'Jones', 'michael.jones115@example.com', '506-425-6747', '4536 Cedar Blvd', 'San Antonio', 'TX');
INSERT INTO [User] (UserID, FirstName, LastName, Email, PhoneNumber, Street, City, [State]) VALUES (100116, 'Jane', 'Hernandez', 'jane.hernandez116@example.com', '707-701-7960', '336 Pine Ave', 'Phoenix', 'AZ');
INSERT INTO [User] (UserID, FirstName, LastName, Email, PhoneNumber, Street, City, [State]) VALUES (100117, 'Daniel', 'Martinez', 'daniel.martinez117@example.com', '412-633-6615', '943 Park Blvd', 'New York', 'NY');
INSERT INTO [User] (UserID, FirstName, LastName, Email, PhoneNumber, Street, City, [State]) VALUES (100118, 'Jane', 'Davis', 'jane.davis118@example.com', '869-450-8142', '7309 Oak St', 'New York', 'NY');
INSERT INTO [User] (UserID, FirstName, LastName, Email, PhoneNumber, Street, City, [State]) VALUES (100119, 'Jane', 'Martinez', 'jane.martinez119@example.com', '874-355-3198', '3067 Main St', 'Philadelphia', 'PA');
INSERT INTO [User] (UserID, FirstName, LastName, Email, PhoneNumber, Street, City, [State]) VALUES (100120, 'Alex', 'Martinez', 'alex.martinez120@example.com', '973-835-1518', '5203 Oak St', 'New York', 'NY');
INSERT INTO [User] (UserID, FirstName, LastName, Email, PhoneNumber, Street, City, [State]) VALUES (100121, 'Sarah', 'Davis', 'sarah.davis121@example.com', '221-844-8689', '5041 Elm St', 'Houston', 'TX');
INSERT INTO [User] (UserID, FirstName, LastName, Email, PhoneNumber, Street, City, [State]) VALUES (100122, 'Emma', 'Martinez', 'emma.martinez122@example.com', '884-322-1711', '8779 Ash Dr', 'San Antonio', 'TX');
INSERT INTO [User] (UserID, FirstName, LastName, Email, PhoneNumber, Street, City, [State]) VALUES (100123, 'Michael', 'Brown', 'michael.brown123@example.com', '693-852-2635', '8777 Main St', 'San Jose', 'CA');
INSERT INTO [User] (UserID, FirstName, LastName, Email, PhoneNumber, Street, City, [State]) VALUES (100124, 'Chris', 'Smith', 'chris.smith124@example.com', '924-541-4018', '6150 2nd St', 'San Jose', 'CA');
INSERT INTO [User] (UserID, FirstName, LastName, Email, PhoneNumber, Street, City, [State]) VALUES (100125, 'Sophia', 'Jones', 'sophia.jones125@example.com', '599-244-6879', '8043 Maple St', 'San Jose', 'CA');
INSERT INTO [User] (UserID, FirstName, LastName, Email, PhoneNumber, Street, City, [State]) VALUES (100126, 'Alex', 'Martinez', 'alex.martinez126@example.com', '558-314-3098', '5329 Ash Dr', 'Los Angeles', 'CA');
INSERT INTO [User] (UserID, FirstName, LastName, Email, PhoneNumber, Street, City, [State]) VALUES (100127, 'Emily', 'Martinez', 'emily.martinez127@example.com', '211-397-6972', '3117 Elm St', 'San Antonio', 'TX');
INSERT INTO [User] (UserID, FirstName, LastName, Email, PhoneNumber, Street, City, [State]) VALUES (100128, 'John', 'Jones', 'john.jones128@example.com', '394-672-5120', '8204 Park Blvd', 'Dallas', 'TX');
INSERT INTO [User] (UserID, FirstName, LastName, Email, PhoneNumber, Street, City, [State]) VALUES (100129, 'Jane', 'Davis', 'jane.davis129@example.com', '306-272-9980', '2438 Park Blvd', 'San Antonio', 'TX');
INSERT INTO [User] (UserID, FirstName, LastName, Email, PhoneNumber, Street, City, [State]) VALUES (100130, 'Sophia', 'Williams', 'sophia.williams130@example.com', '520-867-6544', '412 Park Blvd', 'Phoenix', 'AZ');
INSERT INTO [User] (UserID, FirstName, LastName, Email, PhoneNumber, Street, City, [State]) VALUES (100131, 'Emma', 'Smith', 'emma.smith131@example.com', '921-332-7008', '1758 3rd Ave', 'Dallas', 'TX');
INSERT INTO [User] (UserID, FirstName, LastName, Email, PhoneNumber, Street, City, [State]) VALUES (100132, 'Sophia', 'Jones', 'sophia.jones132@example.com', '738-223-4688', '7144 Pine Ave', 'Houston', 'TX');
INSERT INTO [User] (UserID, FirstName, LastName, Email, PhoneNumber, Street, City, [State]) VALUES (100133, 'Sarah', 'Miller', 'sarah.miller133@example.com', '349-830-8149', '395 Main St', 'Los Angeles', 'CA');
INSERT INTO [User] (UserID, FirstName, LastName, Email, PhoneNumber, Street, City, [State]) VALUES (100134, 'Daniel', 'Jones', 'daniel.jones134@example.com', '606-621-3986', '111 Oak St', 'Los Angeles', 'CA');
INSERT INTO [User] (UserID, FirstName, LastName, Email, PhoneNumber, Street, City, [State]) VALUES (100135, 'Emily', 'Johnson', 'emily.johnson135@example.com', '512-555-8756', '5983 Cedar Blvd', 'Chicago', 'IL');
INSERT INTO [User] (UserID, FirstName, LastName, Email, PhoneNumber, Street, City, [State]) VALUES (100136, 'Sophia', 'Smith', 'sophia.smith136@example.com', '276-292-4570', '4565 Pine Ave', 'Phoenix', 'AZ');
INSERT INTO [User] (UserID, FirstName, LastName, Email, PhoneNumber, Street, City, [State]) VALUES (100137, 'Chris', 'Jones', 'chris.jones137@example.com', '699-781-8629', '1107 Pine Ave', 'New York', 'NY');
INSERT INTO [User] (UserID, FirstName, LastName, Email, PhoneNumber, Street, City, [State]) VALUES (100138, 'Daniel', 'Hernandez', 'daniel.hernandez138@example.com', '652-825-9580', '8938 Pine Ave', 'Houston', 'TX');
INSERT INTO [User] (UserID, FirstName, LastName, Email, PhoneNumber, Street, City, [State]) VALUES (100139, 'Emily', 'Williams', 'emily.williams139@example.com', '642-829-7490', '6434 Maple St', 'Philadelphia', 'PA');
INSERT INTO [User] (UserID, FirstName, LastName, Email, PhoneNumber, Street, City, [State]) VALUES (100140, 'Alex', 'Martinez', 'alex.martinez140@example.com', '784-265-4426', '4391 Oak St', 'New York', 'NY');
INSERT INTO [User] (UserID, FirstName, LastName, Email, PhoneNumber, Street, City, [State]) VALUES (100141, 'John', 'Brown', 'john.brown141@example.com', '547-999-5544', '3305 Maple St', 'New York', 'NY');
INSERT INTO [User] (UserID, FirstName, LastName, Email, PhoneNumber, Street, City, [State]) VALUES (100142, 'Michael', 'Martinez', 'michael.martinez142@example.com', '887-516-3558', '9994 2nd St', 'Houston', 'TX');
INSERT INTO [User] (UserID, FirstName, LastName, Email, PhoneNumber, Street, City, [State]) VALUES (100143, 'Emma', 'Williams', 'emma.williams143@example.com', '775-439-9940', '2269 Maple St', 'San Antonio', 'TX');
INSERT INTO [User] (UserID, FirstName, LastName, Email, PhoneNumber, Street, City, [State]) VALUES (100144, 'Sarah', 'Hernandez', 'sarah.hernandez144@example.com', '679-220-4907', '2635 Elm St', 'Chicago', 'IL');
INSERT INTO [User] (UserID, FirstName, LastName, Email, PhoneNumber, Street, City, [State]) VALUES (100145, 'Sophia', 'Miller', 'sophia.miller145@example.com', '645-494-5042', '2622 Cedar Blvd', 'San Diego', 'CA');
INSERT INTO [User] (UserID, FirstName, LastName, Email, PhoneNumber, Street, City, [State]) VALUES (100146, 'Sophia', 'Brown', 'sophia.brown146@example.com', '922-258-3923', '9782 2nd St', 'Los Angeles', 'CA');
INSERT INTO [User] (UserID, FirstName, LastName, Email, PhoneNumber, Street, City, [State]) VALUES (100147, 'Chris', 'Williams', 'chris.williams147@example.com', '668-368-6714', '27 Elm St', 'New York', 'NY');
INSERT INTO [User] (UserID, FirstName, LastName, Email, PhoneNumber, Street, City, [State]) VALUES (100148, 'Daniel', 'Jones', 'daniel.jones148@example.com', '490-264-7805', '4325 Ash Dr', 'Phoenix', 'AZ');
INSERT INTO [User] (UserID, FirstName, LastName, Email, PhoneNumber, Street, City, [State]) VALUES (100149, 'Sophia', 'Johnson', 'sophia.johnson149@example.com', '979-574-2583', '9108 2nd St', 'San Antonio', 'TX');
INSERT INTO [User] (UserID, FirstName, LastName, Email, PhoneNumber, Street, City, [State]) VALUES (100150, 'Jane', 'Jones', 'jane.jones150@example.com', '313-230-6479', '2164 Main St', 'Los Angeles', 'CA');
INSERT INTO [User] (UserID, FirstName, LastName, Email, PhoneNumber, Street, City, [State]) VALUES (100151, 'Emily', 'Jones', 'emily.jones151@example.com', '320-340-9593', '3142 Park Blvd', 'San Antonio', 'TX');
INSERT INTO [User] (UserID, FirstName, LastName, Email, PhoneNumber, Street, City, [State]) VALUES (100152, 'Emma', 'Smith', 'emma.smith152@example.com', '714-962-4090', '6454 Park Blvd', 'Chicago', 'IL');
INSERT INTO [User] (UserID, FirstName, LastName, Email, PhoneNumber, Street, City, [State]) VALUES (100153, 'Michael', 'Hernandez', 'michael.hernandez153@example.com', '283-230-1694', '1519 Oak St', 'Phoenix', 'AZ');
INSERT INTO [User] (UserID, FirstName, LastName, Email, PhoneNumber, Street, City, [State]) VALUES (100154, 'Alex', 'Johnson', 'alex.johnson154@example.com', '501-588-6311', '734 Pine Ave', 'Houston', 'TX');
INSERT INTO [User] (UserID, FirstName, LastName, Email, PhoneNumber, Street, City, [State]) VALUES (100155, 'Daniel', 'Johnson', 'daniel.johnson155@example.com', '968-611-9081', '6494 Pine Ave', 'San Antonio', 'TX');
INSERT INTO [User] (UserID, FirstName, LastName, Email, PhoneNumber, Street, City, [State]) VALUES (100156, 'Jane', 'Davis', 'jane.davis156@example.com', '785-312-9704', '7378 Elm St', 'Chicago', 'IL');
INSERT INTO [User] (UserID, FirstName, LastName, Email, PhoneNumber, Street, City, [State]) VALUES (100157, 'Michael', 'Brown', 'michael.brown157@example.com', '313-317-3882', '4162 Elm St', 'San Diego', 'CA');
INSERT INTO [User] (UserID, FirstName, LastName, Email, PhoneNumber, Street, City, [State]) VALUES (100158, 'Emma', 'Hernandez', 'emma.hernandez158@example.com', '715-618-8375', '3507 Oak St', 'Philadelphia', 'PA');
INSERT INTO [User] (UserID, FirstName, LastName, Email, PhoneNumber, Street, City, [State]) VALUES (100159, 'John', 'Brown', 'john.brown159@example.com', '666-589-4608', '8659 Elm St', 'Chicago', 'IL');
INSERT INTO [User] (UserID, FirstName, LastName, Email, PhoneNumber, Street, City, [State]) VALUES (100160, 'John', 'Hernandez', 'john.hernandez160@example.com', '258-273-8403', '8414 Park Blvd', 'Dallas', 'TX');
INSERT INTO [User] (UserID, FirstName, LastName, Email, PhoneNumber, Street, City, [State]) VALUES (100161, 'Alex', 'Davis', 'alex.davis161@example.com', '605-976-8856', '4868 Oak St', 'Los Angeles', 'CA');
INSERT INTO [User] (UserID, FirstName, LastName, Email, PhoneNumber, Street, City, [State]) VALUES (100162, 'Jane', 'Williams', 'jane.williams162@example.com', '568-336-6773', '9103 Ash Dr', 'New York', 'NY');
INSERT INTO [User] (UserID, FirstName, LastName, Email, PhoneNumber, Street, City, [State]) VALUES (100163, 'Sarah', 'Johnson', 'sarah.johnson163@example.com', '785-603-1705', '3416 3rd Ave', 'San Antonio', 'TX');
INSERT INTO [User] (UserID, FirstName, LastName, Email, PhoneNumber, Street, City, [State]) VALUES (100164, 'Emily', 'Martinez', 'emily.martinez164@example.com', '397-721-1630', '1633 Ash Dr', 'San Antonio', 'TX');
INSERT INTO [User] (UserID, FirstName, LastName, Email, PhoneNumber, Street, City, [State]) VALUES (100165, 'Sophia', 'Johnson', 'sophia.johnson165@example.com', '510-736-4963', '7542 Oak St', 'Philadelphia', 'PA');
INSERT INTO [User] (UserID, FirstName, LastName, Email, PhoneNumber, Street, City, [State]) VALUES (100166, 'Emily', 'Garcia', 'emily.garcia166@example.com', '601-549-1752', '982 Pine Ave', 'Houston', 'TX');
INSERT INTO [User] (UserID, FirstName, LastName, Email, PhoneNumber, Street, City, [State]) VALUES (100167, 'Alex', 'Hernandez', 'alex.hernandez167@example.com', '691-588-4810', '608 Maple St', 'San Diego', 'CA');
INSERT INTO [User] (UserID, FirstName, LastName, Email, PhoneNumber, Street, City, [State]) VALUES (100168, 'Emma', 'Davis', 'emma.davis168@example.com', '267-433-8497', '1352 Maple St', 'Los Angeles', 'CA');
INSERT INTO [User] (UserID, FirstName, LastName, Email, PhoneNumber, Street, City, [State]) VALUES (100169, 'Michael', 'Brown', 'michael.brown169@example.com', '353-907-4995', '6496 2nd St', 'Phoenix', 'AZ');
INSERT INTO [User] (UserID, FirstName, LastName, Email, PhoneNumber, Street, City, [State]) VALUES (100170, 'Michael', 'Brown', 'michael.brown170@example.com', '631-248-3661', '2681 2nd St', 'Phoenix', 'AZ');
INSERT INTO [User] (UserID, FirstName, LastName, Email, PhoneNumber, Street, City, [State]) VALUES (100171, 'John', 'Garcia', 'john.garcia171@example.com', '564-927-6441', '5935 3rd Ave', 'San Diego', 'CA');
INSERT INTO [User] (UserID, FirstName, LastName, Email, PhoneNumber, Street, City, [State]) VALUES (100172, 'Michael', 'Garcia', 'michael.garcia172@example.com', '254-833-9831', '9065 Pine Ave', 'San Diego', 'CA');
INSERT INTO [User] (UserID, FirstName, LastName, Email, PhoneNumber, Street, City, [State]) VALUES (100173, 'Sophia', 'Williams', 'sophia.williams173@example.com', '936-801-3848', '6696 Park Blvd', 'New York', 'NY');
INSERT INTO [User] (UserID, FirstName, LastName, Email, PhoneNumber, Street, City, [State]) VALUES (100174, 'Sarah', 'Jones', 'sarah.jones174@example.com', '832-370-6522', '5680 Main St', 'San Jose', 'CA');
INSERT INTO [User] (UserID, FirstName, LastName, Email, PhoneNumber, Street, City, [State]) VALUES (100175, 'Daniel', 'Hernandez', 'daniel.hernandez175@example.com', '979-287-5885', '6471 2nd St', 'Houston', 'TX');
INSERT INTO [User] (UserID, FirstName, LastName, Email, PhoneNumber, Street, City, [State]) VALUES (100176, 'Jane', 'Davis', 'jane.davis176@example.com', '943-535-8538', '6474 2nd St', 'Chicago', 'IL');
INSERT INTO [User] (UserID, FirstName, LastName, Email, PhoneNumber, Street, City, [State]) VALUES (100177, 'Sophia', 'Martinez', 'sophia.martinez177@example.com', '640-363-1062', '4175 2nd St', 'Philadelphia', 'PA');
INSERT INTO [User] (UserID, FirstName, LastName, Email, PhoneNumber, Street, City, [State]) VALUES (100178, 'Sarah', 'Johnson', 'sarah.johnson178@example.com', '703-425-4713', '8817 Ash Dr', 'Los Angeles', 'CA');
INSERT INTO [User] (UserID, FirstName, LastName, Email, PhoneNumber, Street, City, [State]) VALUES (100179, 'Sophia', 'Hernandez', 'sophia.hernandez179@example.com', '362-362-9079', '6252 Cedar Blvd', 'New York', 'NY');
INSERT INTO [User] (UserID, FirstName, LastName, Email, PhoneNumber, Street, City, [State]) VALUES (100180, 'Daniel', 'Smith', 'daniel.smith180@example.com', '535-438-2112', '3323 Maple St', 'Los Angeles', 'CA');
INSERT INTO [User] (UserID, FirstName, LastName, Email, PhoneNumber, Street, City, [State]) VALUES (100181, 'Michael', 'Davis', 'michael.davis181@example.com', '267-565-2733', '74 Park Blvd', 'Philadelphia', 'PA');
INSERT INTO [User] (UserID, FirstName, LastName, Email, PhoneNumber, Street, City, [State]) VALUES (100182, 'Jane', 'Garcia', 'jane.garcia182@example.com', '804-281-4209', '4001 Ash Dr', 'Houston', 'TX');
INSERT INTO [User] (UserID, FirstName, LastName, Email, PhoneNumber, Street, City, [State]) VALUES (100183, 'Emma', 'Hernandez', 'emma.hernandez183@example.com', '540-833-2443', '9146 Pine Ave', 'Chicago', 'IL');
INSERT INTO [User] (UserID, FirstName, LastName, Email, PhoneNumber, Street, City, [State]) VALUES (100184, 'Sophia', 'Martinez', 'sophia.martinez184@example.com', '784-745-4005', '302 3rd Ave', 'Los Angeles', 'CA');
INSERT INTO [User] (UserID, FirstName, LastName, Email, PhoneNumber, Street, City, [State]) VALUES (100185, 'Sophia', 'Williams', 'sophia.williams185@example.com', '804-496-4705', '1335 Main St', 'San Antonio', 'TX');
INSERT INTO [User] (UserID, FirstName, LastName, Email, PhoneNumber, Street, City, [State]) VALUES (100186, 'Emma', 'Miller', 'emma.miller186@example.com', '390-630-7794', '3987 Maple St', 'Dallas', 'TX');
INSERT INTO [User] (UserID, FirstName, LastName, Email, PhoneNumber, Street, City, [State]) VALUES (100187, 'Sophia', 'Miller', 'sophia.miller187@example.com', '336-440-9701', '9790 Park Blvd', 'San Diego', 'CA');
INSERT INTO [User] (UserID, FirstName, LastName, Email, PhoneNumber, Street, City, [State]) VALUES (100188, 'Daniel', 'Hernandez', 'daniel.hernandez188@example.com', '905-341-8856', '5617 Maple St', 'Houston', 'TX');
INSERT INTO [User] (UserID, FirstName, LastName, Email, PhoneNumber, Street, City, [State]) VALUES (100189, 'Alex', 'Hernandez', 'alex.hernandez189@example.com', '618-866-6369', '3260 Maple St', 'Phoenix', 'AZ');
INSERT INTO [User] (UserID, FirstName, LastName, Email, PhoneNumber, Street, City, [State]) VALUES (100190, 'Sarah', 'Davis', 'sarah.davis190@example.com', '983-941-2161', '8552 Pine Ave', 'Dallas', 'TX');
INSERT INTO [User] (UserID, FirstName, LastName, Email, PhoneNumber, Street, City, [State]) VALUES (100191, 'Daniel', 'Brown', 'daniel.brown191@example.com', '557-285-2724', '2264 3rd Ave', 'Philadelphia', 'PA');
INSERT INTO [User] (UserID, FirstName, LastName, Email, PhoneNumber, Street, City, [State]) VALUES (100192, 'Michael', 'Davis', 'michael.davis192@example.com', '440-448-2214', '664 Park Blvd', 'New York', 'NY');
INSERT INTO [User] (UserID, FirstName, LastName, Email, PhoneNumber, Street, City, [State]) VALUES (100193, 'Daniel', 'Williams', 'daniel.williams193@example.com', '671-875-1498', '5438 Main St', 'Dallas', 'TX');
INSERT INTO [User] (UserID, FirstName, LastName, Email, PhoneNumber, Street, City, [State]) VALUES (100194, 'Michael', 'Miller', 'michael.miller194@example.com', '313-262-1410', '3138 Park Blvd', 'San Jose', 'CA');
INSERT INTO [User] (UserID, FirstName, LastName, Email, PhoneNumber, Street, City, [State]) VALUES (100195, 'John', 'Davis', 'john.davis195@example.com', '849-828-3017', '9348 Park Blvd', 'New York', 'NY');
INSERT INTO [User] (UserID, FirstName, LastName, Email, PhoneNumber, Street, City, [State]) VALUES (100196, 'Jane', 'Johnson', 'jane.johnson196@example.com', '427-557-1184', '7654 Elm St', 'Dallas', 'TX');
INSERT INTO [User] (UserID, FirstName, LastName, Email, PhoneNumber, Street, City, [State]) VALUES (100197, 'Chris', 'Johnson', 'chris.johnson197@example.com', '914-612-2878', '3911 2nd St', 'Dallas', 'TX');
INSERT INTO [User] (UserID, FirstName, LastName, Email, PhoneNumber, Street, City, [State]) VALUES (100198, 'John', 'Garcia', 'john.garcia198@example.com', '535-580-1882', '4757 Park Blvd', 'New York', 'NY');
INSERT INTO [User] (UserID, FirstName, LastName, Email, PhoneNumber, Street, City, [State]) VALUES (100199, 'Alex', 'Smith', 'alex.smith199@example.com', '678-542-9652', '1630 Pine Ave', 'Philadelphia', 'PA');
INSERT INTO [User] (UserID, FirstName, LastName, Email, PhoneNumber, Street, City, [State]) VALUES (100200, 'Sarah', 'Johnson', 'sarah.johnson200@example.com', '531-674-9964', '721 3rd Ave', 'Dallas', 'TX');
INSERT INTO [User] (UserID, FirstName, LastName, Email, PhoneNumber, Street, City, [State]) VALUES (100201, 'Emma', 'Jones', 'emma.jones201@example.com', '418-368-8166', '6297 Main St', 'San Jose', 'CA');
INSERT INTO [User] (UserID, FirstName, LastName, Email, PhoneNumber, Street, City, [State]) VALUES (100202, 'Alex', 'Garcia', 'alex.garcia202@example.com', '509-475-5210', '9216 Pine Ave', 'Chicago', 'IL');
INSERT INTO [User] (UserID, FirstName, LastName, Email, PhoneNumber, Street, City, [State]) VALUES (100203, 'Michael', 'Miller', 'michael.miller203@example.com', '242-311-4137', '46 Oak St', 'Philadelphia', 'PA');
INSERT INTO [User] (UserID, FirstName, LastName, Email, PhoneNumber, Street, City, [State]) VALUES (100204, 'Emily', 'Williams', 'emily.williams204@example.com', '281-771-3759', '8671 Main St', 'San Antonio', 'TX');
INSERT INTO [User] (UserID, FirstName, LastName, Email, PhoneNumber, Street, City, [State]) VALUES (100205, 'Sarah', 'Williams', 'sarah.williams205@example.com', '200-451-9373', '5285 Main St', 'New York', 'NY');
INSERT INTO [User] (UserID, FirstName, LastName, Email, PhoneNumber, Street, City, [State]) VALUES (100206, 'Michael', 'Martinez', 'michael.martinez206@example.com', '386-958-8688', '8762 Pine Ave', 'Dallas', 'TX');
INSERT INTO [User] (UserID, FirstName, LastName, Email, PhoneNumber, Street, City, [State]) VALUES (100207, 'Jane', 'Davis', 'jane.davis207@example.com', '695-832-3525', '72 Cedar Blvd', 'Phoenix', 'AZ');
INSERT INTO [User] (UserID, FirstName, LastName, Email, PhoneNumber, Street, City, [State]) VALUES (100208, 'Emily', 'Miller', 'emily.miller208@example.com', '682-207-1138', '7255 Oak St', 'San Diego', 'CA');
INSERT INTO [User] (UserID, FirstName, LastName, Email, PhoneNumber, Street, City, [State]) VALUES (100209, 'Emma', 'Davis', 'emma.davis209@example.com', '220-789-9506', '7216 Maple St', 'San Jose', 'CA');
INSERT INTO [User] (UserID, FirstName, LastName, Email, PhoneNumber, Street, City, [State]) VALUES (100210, 'Sophia', 'Jones', 'sophia.jones210@example.com', '662-654-3543', '799 2nd St', 'Los Angeles', 'CA');
INSERT INTO [User] (UserID, FirstName, LastName, Email, PhoneNumber, Street, City, [State]) VALUES (100211, 'Sophia', 'Garcia', 'sophia.garcia211@example.com', '787-423-2126', '2861 Maple St', 'Phoenix', 'AZ');
INSERT INTO [User] (UserID, FirstName, LastName, Email, PhoneNumber, Street, City, [State]) VALUES (100212, 'Sarah', 'Garcia', 'sarah.garcia212@example.com', '426-786-3848', '1029 Maple St', 'Los Angeles', 'CA');
INSERT INTO [User] (UserID, FirstName, LastName, Email, PhoneNumber, Street, City, [State]) VALUES (100213, 'Jane', 'Smith', 'jane.smith213@example.com', '437-872-7813', '2491 Maple St', 'Houston', 'TX');
INSERT INTO [User] (UserID, FirstName, LastName, Email, PhoneNumber, Street, City, [State]) VALUES (100214, 'Daniel', 'Garcia', 'daniel.garcia214@example.com', '727-713-5277', '5186 Ash Dr', 'Philadelphia', 'PA');
INSERT INTO [User] (UserID, FirstName, LastName, Email, PhoneNumber, Street, City, [State]) VALUES (100215, 'Daniel', 'Davis', 'daniel.davis215@example.com', '510-524-8417', '6040 Main St', 'Chicago', 'IL');
INSERT INTO [User] (UserID, FirstName, LastName, Email, PhoneNumber, Street, City, [State]) VALUES (100216, 'Sophia', 'Smith', 'sophia.smith216@example.com', '732-570-7862', '6974 Park Blvd', 'Chicago', 'IL');
INSERT INTO [User] (UserID, FirstName, LastName, Email, PhoneNumber, Street, City, [State]) VALUES (100217, 'Emily', 'Hernandez', 'emily.hernandez217@example.com', '957-962-4892', '280 Main St', 'Houston', 'TX');
INSERT INTO [User] (UserID, FirstName, LastName, Email, PhoneNumber, Street, City, [State]) VALUES (100218, 'Emma', 'Garcia', 'emma.garcia218@example.com', '938-520-7331', '6569 Park Blvd', 'San Antonio', 'TX');
INSERT INTO [User] (UserID, FirstName, LastName, Email, PhoneNumber, Street, City, [State]) VALUES (100219, 'Emily', 'Davis', 'emily.davis219@example.com', '590-980-7631', '7578 Cedar Blvd', 'Philadelphia', 'PA');


SET IDENTITY_INSERT [User] OFF;
GO

-- Insert statements for StorageLot
INSERT INTO StorageLot (Quantity, Location, AvailabilityStatus, Added_on, Updated_On) VALUES (0, 'Lot A Fleetwood', 'Out of Stock', '2024-11-22 11:27:37', '2024-11-22 11:27:37');
INSERT INTO StorageLot (Quantity, Location, AvailabilityStatus, Added_on, Updated_On) VALUES (1, 'Lot B Fleetwood', 'Available', '2024-11-22 11:27:37', '2024-11-22 11:27:37');
INSERT INTO StorageLot (Quantity, Location, AvailabilityStatus, Added_on, Updated_On) VALUES (57, 'Lot C Parker Street', 'Available', '2024-11-22 11:27:37', '2024-11-22 11:27:37');
INSERT INTO StorageLot (Quantity, Location, AvailabilityStatus, Added_on, Updated_On) VALUES (2, 'Lot D Parker Street', 'Available', '2024-11-22 11:27:37', '2024-11-22 11:27:37');
INSERT INTO StorageLot (Quantity, Location, AvailabilityStatus, Added_on, Updated_On) VALUES (12, 'Lot E Broadway', 'Reserved', '2024-11-22 11:27:37', '2024-11-22 11:27:37');
INSERT INTO StorageLot (Quantity, Location, AvailabilityStatus, Added_on, Updated_On) VALUES (4, 'Lot F Broadway', 'Available', '2024-11-22 11:27:37', '2024-11-22 11:27:37');
INSERT INTO StorageLot (Quantity, Location, AvailabilityStatus, Added_on, Updated_On) VALUES (0, 'Lot G River Road', 'Out of Stock', '2024-11-22 11:27:37', '2024-11-22 11:27:37');
INSERT INTO StorageLot (Quantity, Location, AvailabilityStatus, Added_on, Updated_On) VALUES (6, 'Lot H River Road', 'Available', '2024-11-22 11:27:37', '2024-11-22 11:27:37');
INSERT INTO StorageLot (Quantity, Location, AvailabilityStatus, Added_on, Updated_On) VALUES (2, 'Lot I Market Street', 'Reserved', '2024-11-22 11:27:37', '2024-11-22 11:27:37');
INSERT INTO StorageLot (Quantity, Location, AvailabilityStatus, Added_on, Updated_On) VALUES (69, 'Lot J Market Street', 'Reserved', '2024-11-22 11:27:37', '2024-11-22 11:27:37');
INSERT INTO StorageLot (Quantity, Location, AvailabilityStatus, Added_on, Updated_On) VALUES (33, 'Lot K Downtown', 'Reserved', '2024-11-22 11:27:37', '2024-11-22 11:27:37');
INSERT INTO StorageLot (Quantity, Location, AvailabilityStatus, Added_on, Updated_On) VALUES (12, 'Lot L Downtown', 'Available', '2024-11-22 11:27:37', '2024-11-22 11:27:37');
INSERT INTO StorageLot (Quantity, Location, AvailabilityStatus, Added_on, Updated_On) VALUES (0, 'Lot M Hillview', 'Out of Stock', '2024-11-22 11:27:37', '2024-11-22 11:27:37');
INSERT INTO StorageLot (Quantity, Location, AvailabilityStatus, Added_on, Updated_On) VALUES (2, 'Lot N Hillview', 'Reserved', '2024-11-22 11:27:37', '2024-11-22 11:27:37');



-- Insert statements for Financer
INSERT INTO Financer (FinanceName, AuthorizationNumber, Added_on, Updated_On) VALUES ('Chase Bank', 'OYUHI16APONAE6K7', '2024-11-22 12:43:36', '2024-11-22 12:43:36');
INSERT INTO Financer (FinanceName, AuthorizationNumber, Added_on, Updated_On) VALUES ('Wells Fargo', 'QSVGH25GESV2GQ69', '2024-11-22 12:43:36', '2024-11-22 12:43:36');
INSERT INTO Financer (FinanceName, AuthorizationNumber, Added_on, Updated_On) VALUES ('Bank of America', '2QC6VH26Q1BPKUF5', '2024-11-22 12:43:36', '2024-11-22 12:43:36');
INSERT INTO Financer (FinanceName, AuthorizationNumber, Added_on, Updated_On) VALUES ('Citibank', 'TVCFQQ1WFX043F3X', '2024-11-22 12:43:36', '2024-11-22 12:43:36');
INSERT INTO Financer (FinanceName, AuthorizationNumber, Added_on, Updated_On) VALUES ('Capital One', '4GAOMC0QD87COAHB', '2024-11-22 12:43:36', '2024-11-22 12:43:36');
INSERT INTO Financer (FinanceName, AuthorizationNumber, Added_on, Updated_On) VALUES ('US Bank', 'A24EJJFKZOFIW3J6', '2024-11-22 12:43:36', '2024-11-22 12:43:36');
INSERT INTO Financer (FinanceName, AuthorizationNumber, Added_on, Updated_On) VALUES ('PNC Bank', '57A19VXQONZEGWC5', '2024-11-22 12:43:36', '2024-11-22 12:43:36');
INSERT INTO Financer (FinanceName, AuthorizationNumber, Added_on, Updated_On) VALUES ('TD Bank', 'J9R8ZFEYZIPE6Q7Q', '2024-11-22 12:43:36', '2024-11-22 12:43:36');
INSERT INTO Financer (FinanceName, AuthorizationNumber, Added_on, Updated_On) VALUES ('SunTrust Bank', 'T7N3AERKH35N9SBF', '2024-11-22 12:43:36', '2024-11-22 12:43:36');
INSERT INTO Financer (FinanceName, AuthorizationNumber, Added_on, Updated_On) VALUES ('Ally Bank', 'TSGLWEMM34LZ9BFR', '2024-11-22 12:43:36', '2024-11-22 12:43:36');
INSERT INTO Financer (FinanceName, AuthorizationNumber, Added_on, Updated_On) VALUES ('HSBC', 'WU66I1T94JR0YN7N', '2024-11-22 12:43:36', '2024-11-22 12:43:36');
INSERT INTO Financer (FinanceName, AuthorizationNumber, Added_on, Updated_On) VALUES ('Regions Bank', 'JLKTN3S7GQ3JD5UL', '2024-11-22 12:43:36', '2024-11-22 12:43:36');
INSERT INTO Financer (FinanceName, AuthorizationNumber, Added_on, Updated_On) VALUES ('Barclays', '9JOORUQWIJBHF9NE', '2024-11-22 12:43:36', '2024-11-22 12:43:36');
INSERT INTO Financer (FinanceName, AuthorizationNumber, Added_on, Updated_On) VALUES ('BBVA', 'SC3MPQ1WPPFTVBET', '2024-11-22 12:43:36', '2024-11-22 12:43:36');
INSERT INTO Financer (FinanceName, AuthorizationNumber, Added_on, Updated_On) VALUES ('Santander Bank', 'DOCXNZQF0MJD3MQX', '2024-11-22 12:43:36', '2024-11-22 12:43:36');
INSERT INTO Financer (FinanceName, AuthorizationNumber, Added_on, Updated_On) VALUES ('KeyBank', '8QDBXWJN0R0F17UM', '2024-11-22 12:43:36', '2024-11-22 12:43:36');
INSERT INTO Financer (FinanceName, AuthorizationNumber, Added_on, Updated_On) VALUES ('Fifth Third Bank', '0B4V7J6B3H0ZB2YL', '2024-11-22 12:43:36', '2024-11-22 12:43:36');
INSERT INTO Financer (FinanceName, AuthorizationNumber, Added_on, Updated_On) VALUES ('Huntington Bank', '23WAY43SEUCX8KDU', '2024-11-22 12:43:36', '2024-11-22 12:43:36');
INSERT INTO Financer (FinanceName, AuthorizationNumber, Added_on, Updated_On) VALUES ('M&T Bank', 'S6YML1C2O1ZRILUS', '2024-11-22 12:43:36', '2024-11-22 12:43:36');
INSERT INTO Financer (FinanceName, AuthorizationNumber, Added_on, Updated_On) VALUES ('BMO Harris Bank', 'PH88APDB9K8W7Q5A', '2024-11-22 12:43:36', '2024-11-22 12:43:36');



-- Insert statements for Dealer
INSERT INTO Dealer (DealerName, DealerLocation, Phone, DealerLicenseNumber) VALUES ('AutoStar Dealers', 'Philadelphia', '650-610-8582', 'YPEPZCLOD5');
INSERT INTO Dealer (DealerName, DealerLocation, Phone, DealerLicenseNumber) VALUES ('Prime Auto', 'San Jose', '591-912-1243', 'XY8UHAMEGG');
INSERT INTO Dealer (DealerName, DealerLocation, Phone, DealerLicenseNumber) VALUES ('Speedy Motors', 'Houston', '940-971-9340', '7N3YZJAHQJ');
INSERT INTO Dealer (DealerName, DealerLocation, Phone, DealerLicenseNumber) VALUES ('Elite Wheels', 'Philadelphia', '867-923-4005', 'MQF039R6SF');
INSERT INTO Dealer (DealerName, DealerLocation, Phone, DealerLicenseNumber) VALUES ('Turbo Traders', 'Houston', '390-686-2775', 'VCMV3FAJHG');
INSERT INTO Dealer (DealerName, DealerLocation, Phone, DealerLicenseNumber) VALUES ('Fusion Auto', 'Los Angeles', '462-861-2874', 'WXEEAKKWDC');
INSERT INTO Dealer (DealerName, DealerLocation, Phone, DealerLicenseNumber) VALUES ('NextGen Cars', 'Houston', '595-246-5104', '058XJNVY3F');
INSERT INTO Dealer (DealerName, DealerLocation, Phone, DealerLicenseNumber) VALUES ('Prestige Motors', 'San Antonio', '338-413-7191', 'IEEAYDAODO');
INSERT INTO Dealer (DealerName, DealerLocation, Phone, DealerLicenseNumber) VALUES ('Urban Drives', 'San Diego', '261-721-3185', '5HDMSXH2PX');
INSERT INTO Dealer (DealerName, DealerLocation, Phone, DealerLicenseNumber) VALUES ('Velocity Motors', 'San Jose', '330-909-6540', '63ACAI430V');
INSERT INTO Dealer (DealerName, DealerLocation, Phone, DealerLicenseNumber) VALUES ('Apex Autos', 'New York', '285-698-5424', '7GP8CMAZWU');
INSERT INTO Dealer (DealerName, DealerLocation, Phone, DealerLicenseNumber) VALUES ('Royal Rides', 'New York', '855-439-5710', 'SLAF5NM4H7');
INSERT INTO Dealer (DealerName, DealerLocation, Phone, DealerLicenseNumber) VALUES ('Summit Wheels', 'Phoenix', '769-880-7222', '2KS8EJBF9C');
INSERT INTO Dealer (DealerName, DealerLocation, Phone, DealerLicenseNumber) VALUES ('Dynamic Dealers', 'New York', '366-716-6867', '6C3AVHJM1M');
INSERT INTO Dealer (DealerName, DealerLocation, Phone, DealerLicenseNumber) VALUES ('Momentum Motors', 'Chicago', '944-574-5568', 'Z9P1NSSPNH');
INSERT INTO Dealer (DealerName, DealerLocation, Phone, DealerLicenseNumber) VALUES ('BrightLine Autos', 'San Jose', '245-237-3596', '6LKPSTD5KT');
INSERT INTO Dealer (DealerName, DealerLocation, Phone, DealerLicenseNumber) VALUES ('Nova Autos', 'Houston', '668-963-6826', 'N7BZF21EN0');
INSERT INTO Dealer (DealerName, DealerLocation, Phone, DealerLicenseNumber) VALUES ('Trailblazer Motors', 'Houston', '374-326-4873', 'CLCIQVHLTO');
INSERT INTO Dealer (DealerName, DealerLocation, Phone, DealerLicenseNumber) VALUES ('Luxe Drives', 'Dallas', '573-619-8095', 'SHX0OZAG5A');
INSERT INTO Dealer (DealerName, DealerLocation, Phone, DealerLicenseNumber) VALUES ('EcoAuto Hub', 'New York', '222-531-1643', 'K68M5UEVM1');




-- Insert statements for Parts
INSERT INTO Parts (PartName, PartCost, [Status], StorageLotID, Added_On, Updated_On) VALUES ('Suspension', 82.48, 'Out of Stock', 111, '2024-11-22 11:59:34', '2024-11-22 11:59:34');
INSERT INTO Parts (PartName, PartCost, [Status], StorageLotID, Added_On, Updated_On) VALUES ('Radiator', 184.71, 'Out of Stock', 107, '2024-11-22 11:59:34', '2024-11-22 11:59:34');
INSERT INTO Parts (PartName, PartCost, [Status], StorageLotID, Added_On, Updated_On) VALUES ('Brake Pad', 103.87, 'Available', 108, '2024-11-22 11:59:34', '2024-11-22 11:59:34');
INSERT INTO Parts (PartName, PartCost, [Status], StorageLotID, Added_On, Updated_On) VALUES ('Air Filter', 212.26, 'Available', 109, '2024-11-22 11:59:34', '2024-11-22 11:59:34');
INSERT INTO Parts (PartName, PartCost, [Status], StorageLotID, Added_On, Updated_On) VALUES ('Brake Pad', 387.37, 'Out of Stock', 105, '2024-11-22 11:59:34', '2024-11-22 11:59:34');
INSERT INTO Parts (PartName, PartCost, [Status], StorageLotID, Added_On, Updated_On) VALUES ('Radiator', 350.67, 'Out of Stock', 103, '2024-11-22 11:59:34', '2024-11-22 11:59:34');
INSERT INTO Parts (PartName, PartCost, [Status], StorageLotID, Added_On, Updated_On) VALUES ('Air Filter', 327.48, 'Ordered', 104, '2024-11-22 11:59:34', '2024-11-22 11:59:34');
INSERT INTO Parts (PartName, PartCost, [Status], StorageLotID, Added_On, Updated_On) VALUES ('Fuel Pump', 387.36, 'Out of Stock', 105, '2024-11-22 11:59:34', '2024-11-22 11:59:34');
INSERT INTO Parts (PartName, PartCost, [Status], StorageLotID, Added_On, Updated_On) VALUES ('Fuel Pump', 496.68, 'Available', 101, '2024-11-22 11:59:34', '2024-11-22 11:59:34');
INSERT INTO Parts (PartName, PartCost, [Status], StorageLotID, Added_On, Updated_On) VALUES ('Radiator', 463.77, 'Available', 102, '2024-11-22 11:59:34', '2024-11-22 11:59:34');
INSERT INTO Parts (PartName, PartCost, [Status], StorageLotID, Added_On, Updated_On) VALUES ('Brake Pad', 447.1, 'Ordered', 104, '2024-11-22 11:59:34', '2024-11-22 11:59:34');
INSERT INTO Parts (PartName, PartCost, [Status], StorageLotID, Added_On, Updated_On) VALUES ('Air Filter', 72.06, 'Ordered', 103, '2024-11-22 11:59:34', '2024-11-22 11:59:34');
INSERT INTO Parts (PartName, PartCost, [Status], StorageLotID, Added_On, Updated_On) VALUES ('Fuel Pump', 252.41, 'Ordered', 108, '2024-11-22 11:59:34', '2024-11-22 11:59:34');
INSERT INTO Parts (PartName, PartCost, [Status], StorageLotID, Added_On, Updated_On) VALUES ('Battery', 126.77, 'Available', 113, '2024-11-22 11:59:34', '2024-11-22 11:59:34');
INSERT INTO Parts (PartName, PartCost, [Status], StorageLotID, Added_On, Updated_On) VALUES ('Brake Pad', 325.38, 'Ordered', 105, '2024-11-22 11:59:34', '2024-11-22 11:59:34');
INSERT INTO Parts (PartName, PartCost, [Status], StorageLotID, Added_On, Updated_On) VALUES ('Engine Oil', 19.45, 'Available', 108, '2024-11-22 11:59:34', '2024-11-22 11:59:34');
INSERT INTO Parts (PartName, PartCost, [Status], StorageLotID, Added_On, Updated_On) VALUES ('Battery', 382.15, 'Available', 108, '2024-11-22 11:59:34', '2024-11-22 11:59:34');
INSERT INTO Parts (PartName, PartCost, [Status], StorageLotID, Added_On, Updated_On) VALUES ('Radiator', 416.7, 'Available', 101, '2024-11-22 11:59:34', '2024-11-22 11:59:34');
INSERT INTO Parts (PartName, PartCost, [Status], StorageLotID, Added_On, Updated_On) VALUES ('Engine Oil', 172.57, 'Out of Stock', 105, '2024-11-22 11:59:34', '2024-11-22 11:59:34');
INSERT INTO Parts (PartName, PartCost, [Status], StorageLotID, Added_On, Updated_On) VALUES ('Engine Oil', 259.73, 'Available', 110, '2024-11-22 11:59:34', '2024-11-22 11:59:34');
INSERT INTO Parts (PartName, PartCost, [Status], StorageLotID, Added_On, Updated_On) VALUES ('Headlight', 381.09, 'Out of Stock', 104, '2024-11-22 11:59:34', '2024-11-22 11:59:34');
INSERT INTO Parts (PartName, PartCost, [Status], StorageLotID, Added_On, Updated_On) VALUES ('Suspension', 204.88, 'Ordered', 105, '2024-11-22 11:59:34', '2024-11-22 11:59:34');
INSERT INTO Parts (PartName, PartCost, [Status], StorageLotID, Added_On, Updated_On) VALUES ('Engine Oil', 493.47, 'Available', 113, '2024-11-22 11:59:34', '2024-11-22 11:59:34');
INSERT INTO Parts (PartName, PartCost, [Status], StorageLotID, Added_On, Updated_On) VALUES ('Air Filter', 17.53, 'Out of Stock', 113, '2024-11-22 11:59:34', '2024-11-22 11:59:34');
INSERT INTO Parts (PartName, PartCost, [Status], StorageLotID, Added_On, Updated_On) VALUES ('Air Filter', 217.14, 'Ordered', 113, '2024-11-22 11:59:34', '2024-11-22 11:59:34');
INSERT INTO Parts (PartName, PartCost, [Status], StorageLotID, Added_On, Updated_On) VALUES ('Air Filter', 97.42, 'Out of Stock', 101, '2024-11-22 11:59:34', '2024-11-22 11:59:34');
INSERT INTO Parts (PartName, PartCost, [Status], StorageLotID, Added_On, Updated_On) VALUES ('Engine Oil', 423.2, 'Available', 101, '2024-11-22 11:59:34', '2024-11-22 11:59:34');
INSERT INTO Parts (PartName, PartCost, [Status], StorageLotID, Added_On, Updated_On) VALUES ('Engine Oil', 180.59, 'Ordered', 109, '2024-11-22 11:59:34', '2024-11-22 11:59:34');
INSERT INTO Parts (PartName, PartCost, [Status], StorageLotID, Added_On, Updated_On) VALUES ('Clutch Plate', 122.32, 'Available', 101, '2024-11-22 11:59:34', '2024-11-22 11:59:34');
INSERT INTO Parts (PartName, PartCost, [Status], StorageLotID, Added_On, Updated_On) VALUES ('Radiator', 45.11, 'Out of Stock', 113, '2024-11-22 11:59:34', '2024-11-22 11:59:34');
INSERT INTO Parts (PartName, PartCost, [Status], StorageLotID, Added_On, Updated_On) VALUES ('Clutch Plate', 368.19, 'Available', 101, '2024-11-22 11:59:34', '2024-11-22 11:59:34');
INSERT INTO Parts (PartName, PartCost, [Status], StorageLotID, Added_On, Updated_On) VALUES ('Engine Oil', 195.65, 'Out of Stock', 105, '2024-11-22 11:59:34', '2024-11-22 11:59:34');
INSERT INTO Parts (PartName, PartCost, [Status], StorageLotID, Added_On, Updated_On) VALUES ('Clutch Plate', 360.41, 'Out of Stock', 109, '2024-11-22 11:59:34', '2024-11-22 11:59:34');
INSERT INTO Parts (PartName, PartCost, [Status], StorageLotID, Added_On, Updated_On) VALUES ('Fuel Pump', 223.86, 'Available', 108, '2024-11-22 11:59:34', '2024-11-22 11:59:34');
INSERT INTO Parts (PartName, PartCost, [Status], StorageLotID, Added_On, Updated_On) VALUES ('Brake Pad', 237.84, 'Available', 109, '2024-11-22 11:59:34', '2024-11-22 11:59:34');
INSERT INTO Parts (PartName, PartCost, [Status], StorageLotID, Added_On, Updated_On) VALUES ('Motor', 338.83, 'Out of Stock', 105, '2024-11-22 11:59:34', '2024-11-22 11:59:34');
INSERT INTO Parts (PartName, PartCost, [Status], StorageLotID, Added_On, Updated_On) VALUES ('Air Filter', 336.64, 'Out of Stock', 105, '2024-11-22 11:59:34', '2024-11-22 11:59:34');
INSERT INTO Parts (PartName, PartCost, [Status], StorageLotID, Added_On, Updated_On) VALUES ('Motor', 109.47, 'Out of Stock', 101, '2024-11-22 11:59:34', '2024-11-22 11:59:34');
INSERT INTO Parts (PartName, PartCost, [Status], StorageLotID, Added_On, Updated_On) VALUES ('Engine Oil', 398.52, 'Ordered', 110, '2024-11-22 11:59:34', '2024-11-22 11:59:34');
INSERT INTO Parts (PartName, PartCost, [Status], StorageLotID, Added_On, Updated_On) VALUES ('Headlight', 387.12, 'Available', 109, '2024-11-22 11:59:34', '2024-11-22 11:59:34');
INSERT INTO Parts (PartName, PartCost, [Status], StorageLotID, Added_On, Updated_On) VALUES ('Engine Oil', 125.13, 'Ordered', 111, '2024-11-22 11:59:34', '2024-11-22 11:59:34');
INSERT INTO Parts (PartName, PartCost, [Status], StorageLotID, Added_On, Updated_On) VALUES ('Fuel Pump', 165.81, 'Ordered', 109, '2024-11-22 11:59:34', '2024-11-22 11:59:34');
INSERT INTO Parts (PartName, PartCost, [Status], StorageLotID, Added_On, Updated_On) VALUES ('Clutch Plate', 277.02, 'Available', 109, '2024-11-22 11:59:34', '2024-11-22 11:59:34');
INSERT INTO Parts (PartName, PartCost, [Status], StorageLotID, Added_On, Updated_On) VALUES ('Motor', 282.36, 'Ordered', 108, '2024-11-22 11:59:34', '2024-11-22 11:59:34');
INSERT INTO Parts (PartName, PartCost, [Status], StorageLotID, Added_On, Updated_On) VALUES ('Radiator', 29.6, 'Available', 105, '2024-11-22 11:59:34', '2024-11-22 11:59:34');
INSERT INTO Parts (PartName, PartCost, [Status], StorageLotID, Added_On, Updated_On) VALUES ('Clutch Plate', 236.95, 'Available', 110, '2024-11-22 11:59:34', '2024-11-22 11:59:34');
INSERT INTO Parts (PartName, PartCost, [Status], StorageLotID, Added_On, Updated_On) VALUES ('Air Filter', 26.29, 'Out of Stock', 111, '2024-11-22 11:59:34', '2024-11-22 11:59:34');
INSERT INTO Parts (PartName, PartCost, [Status], StorageLotID, Added_On, Updated_On) VALUES ('Headlight', 19.52, 'Out of Stock', 102, '2024-11-22 11:59:34', '2024-11-22 11:59:34');
INSERT INTO Parts (PartName, PartCost, [Status], StorageLotID, Added_On, Updated_On) VALUES ('Air Filter', 116.06, 'Out of Stock', 103, '2024-11-22 11:59:34', '2024-11-22 11:59:34');
INSERT INTO Parts (PartName, PartCost, [Status], StorageLotID, Added_On, Updated_On) VALUES ('Engine Oil', 357.32, 'Out of Stock', 108, '2024-11-22 11:59:34', '2024-11-22 11:59:34');
INSERT INTO Parts (PartName, PartCost, [Status], StorageLotID, Added_On, Updated_On) VALUES ('Radiator', 297.93, 'Available', 110, '2024-11-22 11:59:34', '2024-11-22 11:59:34');
INSERT INTO Parts (PartName, PartCost, [Status], StorageLotID, Added_On, Updated_On) VALUES ('Suspension', 105.85, 'Out of Stock', 105, '2024-11-22 11:59:34', '2024-11-22 11:59:34');
INSERT INTO Parts (PartName, PartCost, [Status], StorageLotID, Added_On, Updated_On) VALUES ('Engine Oil', 241.75, 'Ordered', 111, '2024-11-22 11:59:34', '2024-11-22 11:59:34');
INSERT INTO Parts (PartName, PartCost, [Status], StorageLotID, Added_On, Updated_On) VALUES ('Engine Oil', 103.46, 'Ordered', 113, '2024-11-22 11:59:34', '2024-11-22 11:59:34');
INSERT INTO Parts (PartName, PartCost, [Status], StorageLotID, Added_On, Updated_On) VALUES ('Engine Oil', 194.1, 'Available', 109, '2024-11-22 11:59:34', '2024-11-22 11:59:34');
INSERT INTO Parts (PartName, PartCost, [Status], StorageLotID, Added_On, Updated_On) VALUES ('Engine Oil', 438.12, 'Ordered', 110, '2024-11-22 11:59:34', '2024-11-22 11:59:34');
INSERT INTO Parts (PartName, PartCost, [Status], StorageLotID, Added_On, Updated_On) VALUES ('Fuel Pump', 437.6, 'Ordered', 108, '2024-11-22 11:59:34', '2024-11-22 11:59:34');
INSERT INTO Parts (PartName, PartCost, [Status], StorageLotID, Added_On, Updated_On) VALUES ('Motor', 59.38, 'Ordered', 102, '2024-11-22 11:59:34', '2024-11-22 11:59:34');
INSERT INTO Parts (PartName, PartCost, [Status], StorageLotID, Added_On, Updated_On) VALUES ('Air Filter', 185.34, 'Ordered', 110, '2024-11-22 11:59:34', '2024-11-22 11:59:34');
INSERT INTO Parts (PartName, PartCost, [Status], StorageLotID, Added_On, Updated_On) VALUES ('Clutch Plate', 450.53, 'Out of Stock', 110, '2024-11-22 11:59:34', '2024-11-22 11:59:34');
INSERT INTO Parts (PartName, PartCost, [Status], StorageLotID, Added_On, Updated_On) VALUES ('Fuel Pump', 457.76, 'Available', 105, '2024-11-22 11:59:34', '2024-11-22 11:59:34');
INSERT INTO Parts (PartName, PartCost, [Status], StorageLotID, Added_On, Updated_On) VALUES ('Brake Pad', 186.39, 'Available', 103, '2024-11-22 11:59:34', '2024-11-22 11:59:34');
INSERT INTO Parts (PartName, PartCost, [Status], StorageLotID, Added_On, Updated_On) VALUES ('Motor', 179.95, 'Available', 101, '2024-11-22 11:59:34', '2024-11-22 11:59:34');
INSERT INTO Parts (PartName, PartCost, [Status], StorageLotID, Added_On, Updated_On) VALUES ('Battery', 140.47, 'Out of Stock', 109, '2024-11-22 11:59:34', '2024-11-22 11:59:34');
INSERT INTO Parts (PartName, PartCost, [Status], StorageLotID, Added_On, Updated_On) VALUES ('Fuel Pump', 91.92, 'Available', 107, '2024-11-22 11:59:34', '2024-11-22 11:59:34');
INSERT INTO Parts (PartName, PartCost, [Status], StorageLotID, Added_On, Updated_On) VALUES ('Battery', 394.9, 'Available', 104, '2024-11-22 11:59:34', '2024-11-22 11:59:34');
INSERT INTO Parts (PartName, PartCost, [Status], StorageLotID, Added_On, Updated_On) VALUES ('Brake Pad', 215.75, 'Available', 102, '2024-11-22 11:59:34', '2024-11-22 11:59:34');
INSERT INTO Parts (PartName, PartCost, [Status], StorageLotID, Added_On, Updated_On) VALUES ('Engine Oil', 254.57, 'Ordered', 109, '2024-11-22 11:59:34', '2024-11-22 11:59:34');
INSERT INTO Parts (PartName, PartCost, [Status], StorageLotID, Added_On, Updated_On) VALUES ('Suspension', 480.82, 'Available', 107, '2024-11-22 11:59:34', '2024-11-22 11:59:34');
INSERT INTO Parts (PartName, PartCost, [Status], StorageLotID, Added_On, Updated_On) VALUES ('Headlight', 66.6, 'Out of Stock', 104, '2024-11-22 11:59:34', '2024-11-22 11:59:34');
INSERT INTO Parts (PartName, PartCost, [Status], StorageLotID, Added_On, Updated_On) VALUES ('Motor', 388.3, 'Available', 102, '2024-11-22 11:59:34', '2024-11-22 11:59:34');
INSERT INTO Parts (PartName, PartCost, [Status], StorageLotID, Added_On, Updated_On) VALUES ('Suspension', 20.49, 'Out of Stock', 101, '2024-11-22 11:59:34', '2024-11-22 11:59:34');
INSERT INTO Parts (PartName, PartCost, [Status], StorageLotID, Added_On, Updated_On) VALUES ('Radiator', 272.76, 'Out of Stock', 108, '2024-11-22 11:59:34', '2024-11-22 11:59:34');
INSERT INTO Parts (PartName, PartCost, [Status], StorageLotID, Added_On, Updated_On) VALUES ('Suspension', 42.33, 'Out of Stock', 113, '2024-11-22 11:59:34', '2024-11-22 11:59:34');
INSERT INTO Parts (PartName, PartCost, [Status], StorageLotID, Added_On, Updated_On) VALUES ('Clutch Plate', 420.73, 'Ordered', 111, '2024-11-22 11:59:34', '2024-11-22 11:59:34');
INSERT INTO Parts (PartName, PartCost, [Status], StorageLotID, Added_On, Updated_On) VALUES ('Air Filter', 404.59, 'Available', 109, '2024-11-22 11:59:34', '2024-11-22 11:59:34');
INSERT INTO Parts (PartName, PartCost, [Status], StorageLotID, Added_On, Updated_On) VALUES ('Air Filter', 189.55, 'Out of Stock', 111, '2024-11-22 11:59:34', '2024-11-22 11:59:34');
INSERT INTO Parts (PartName, PartCost, [Status], StorageLotID, Added_On, Updated_On) VALUES ('Suspension', 105.36, 'Out of Stock', 104, '2024-11-22 11:59:34', '2024-11-22 11:59:34');
INSERT INTO Parts (PartName, PartCost, [Status], StorageLotID, Added_On, Updated_On) VALUES ('Battery', 219.25, 'Out of Stock', 111, '2024-11-22 11:59:34', '2024-11-22 11:59:34');
INSERT INTO Parts (PartName, PartCost, [Status], StorageLotID, Added_On, Updated_On) VALUES ('Brake Pad', 186.01, 'Out of Stock', 104, '2024-11-22 11:59:34', '2024-11-22 11:59:34');
INSERT INTO Parts (PartName, PartCost, [Status], StorageLotID, Added_On, Updated_On) VALUES ('Headlight', 248.12, 'Available', 107, '2024-11-22 11:59:34', '2024-11-22 11:59:34');
INSERT INTO Parts (PartName, PartCost, [Status], StorageLotID, Added_On, Updated_On) VALUES ('Fuel Pump', 347.27, 'Out of Stock', 111, '2024-11-22 11:59:34', '2024-11-22 11:59:34');
INSERT INTO Parts (PartName, PartCost, [Status], StorageLotID, Added_On, Updated_On) VALUES ('Air Filter', 289.34, 'Out of Stock', 101, '2024-11-22 11:59:34', '2024-11-22 11:59:34');
INSERT INTO Parts (PartName, PartCost, [Status], StorageLotID, Added_On, Updated_On) VALUES ('Battery', 423.88, 'Ordered', 110, '2024-11-22 11:59:34', '2024-11-22 11:59:34');
INSERT INTO Parts (PartName, PartCost, [Status], StorageLotID, Added_On, Updated_On) VALUES ('Motor', 432.54, 'Ordered', 107, '2024-11-22 11:59:34', '2024-11-22 11:59:34');
INSERT INTO Parts (PartName, PartCost, [Status], StorageLotID, Added_On, Updated_On) VALUES ('Radiator', 357.83, 'Ordered', 102, '2024-11-22 11:59:34', '2024-11-22 11:59:34');
INSERT INTO Parts (PartName, PartCost, [Status], StorageLotID, Added_On, Updated_On) VALUES ('Fuel Pump', 281.12, 'Out of Stock', 108, '2024-11-22 11:59:34', '2024-11-22 11:59:34');
INSERT INTO Parts (PartName, PartCost, [Status], StorageLotID, Added_On, Updated_On) VALUES ('Suspension', 144.71, 'Ordered', 111, '2024-11-22 11:59:34', '2024-11-22 11:59:34');
INSERT INTO Parts (PartName, PartCost, [Status], StorageLotID, Added_On, Updated_On) VALUES ('Air Filter', 26.83, 'Available', 109, '2024-11-22 11:59:34', '2024-11-22 11:59:34');
INSERT INTO Parts (PartName, PartCost, [Status], StorageLotID, Added_On, Updated_On) VALUES ('Headlight', 168.5, 'Available', 110, '2024-11-22 11:59:34', '2024-11-22 11:59:34');
INSERT INTO Parts (PartName, PartCost, [Status], StorageLotID, Added_On, Updated_On) VALUES ('Clutch Plate', 258.17, 'Ordered', 108, '2024-11-22 11:59:34', '2024-11-22 11:59:34');
INSERT INTO Parts (PartName, PartCost, [Status], StorageLotID, Added_On, Updated_On) VALUES ('Motor', 465.65, 'Ordered', 111, '2024-11-22 11:59:34', '2024-11-22 11:59:34');
INSERT INTO Parts (PartName, PartCost, [Status], StorageLotID, Added_On, Updated_On) VALUES ('Suspension', 176.48, 'Available', 110, '2024-11-22 11:59:34', '2024-11-22 11:59:34');
INSERT INTO Parts (PartName, PartCost, [Status], StorageLotID, Added_On, Updated_On) VALUES ('Air Filter', 251.86, 'Available', 110, '2024-11-22 11:59:34', '2024-11-22 11:59:34');
INSERT INTO Parts (PartName, PartCost, [Status], StorageLotID, Added_On, Updated_On) VALUES ('Engine Oil', 372.21, 'Ordered', 101, '2024-11-22 11:59:34', '2024-11-22 11:59:34');
INSERT INTO Parts (PartName, PartCost, [Status], StorageLotID, Added_On, Updated_On) VALUES ('Battery', 75.84, 'Available', 101, '2024-11-22 11:59:34', '2024-11-22 11:59:34');
INSERT INTO Parts (PartName, PartCost, [Status], StorageLotID, Added_On, Updated_On) VALUES ('Clutch Plate', 322.42, 'Ordered', 103, '2024-11-22 11:59:34', '2024-11-22 11:59:34');
INSERT INTO Parts (PartName, PartCost, [Status], StorageLotID, Added_On, Updated_On) VALUES ('Suspension', 441.23, 'Ordered', 105, '2024-11-22 11:59:34', '2024-11-22 11:59:34');
INSERT INTO Parts (PartName, PartCost, [Status], StorageLotID, Added_On, Updated_On) VALUES ('Fuel Pump', 305.41, 'Out of Stock', 103, '2024-11-22 11:59:34', '2024-11-22 11:59:34');
INSERT INTO Parts (PartName, PartCost, [Status], StorageLotID, Added_On, Updated_On) VALUES ('Air Filter', 109.3, 'Out of Stock', 108, '2024-11-22 11:59:34', '2024-11-22 11:59:34');



SET IDENTITY_INSERT Car ON;

-- Insert statements for Car
INSERT INTO Car (CarID, VIN, Make, Model, [Year], Price, StorageLotID, Added_on, Updated_On) VALUES (10000, '9EIW7HUOEUJ7QLH11', 'BMW', '3 Series', 2022, 78107.72, 101, '2024-11-22 12:11:15', '2024-11-22 12:11:15');
INSERT INTO Car (CarID, VIN, Make, Model, [Year], Price, StorageLotID, Added_on, Updated_On) VALUES (10001, 'Z9CPVKJ1VQ87YXRJR', 'BMW', '3 Series', 2016, 96944.07, 102, '2024-11-22 12:11:15', '2024-11-22 12:11:15');
INSERT INTO Car (CarID, VIN, Make, Model, [Year], Price, StorageLotID, Added_on, Updated_On) VALUES (10002, '8TKZMFNM9XTQ678SO', 'Honda', 'Civic', 2002, 48813.25, 102, '2024-11-22 12:11:15', '2024-11-22 12:11:15');
INSERT INTO Car (CarID, VIN, Make, Model, [Year], Price, StorageLotID, Added_on, Updated_On) VALUES (10003, '4YVT4WG7Q2VINRITI', 'Chevrolet', 'Impala', 2018, 82515.01, 102, '2024-11-22 12:11:15', '2024-11-22 12:11:15');
INSERT INTO Car (CarID, VIN, Make, Model, [Year], Price, StorageLotID, Added_on, Updated_On) VALUES (10004, 'SJ45YRAYX8VBSCQJW', 'Chevrolet', 'Impala', 2017, 33765.35, 102, '2024-11-22 12:11:15', '2024-11-22 12:11:15');
INSERT INTO Car (CarID, VIN, Make, Model, [Year], Price, StorageLotID, Added_on, Updated_On) VALUES (10005, '05F8J0UOVH4Y16OFI', 'Nissan', 'Maxima', 2013, 24138.7, 102, '2024-11-22 12:11:15', '2024-11-22 12:11:15');
INSERT INTO Car (CarID, VIN, Make, Model, [Year], Price, StorageLotID, Added_on, Updated_On) VALUES (10006, 'XSHP4947XDKQUKPGM', 'Chevrolet', 'Malibu', 2002, 89816.29, 102, '2024-11-22 12:11:15', '2024-11-22 12:11:15');
INSERT INTO Car (CarID, VIN, Make, Model, [Year], Price, StorageLotID, Added_on, Updated_On) VALUES (10007, 'AUDDELMO2PS0ARVWM', 'Chevrolet', 'Malibu', 2021, 15375.52, 102, '2024-11-22 12:11:15', '2024-11-22 12:11:15');
INSERT INTO Car (CarID, VIN, Make, Model, [Year], Price, StorageLotID, Added_on, Updated_On) VALUES (10008, 'VNZI5TW63LSY69ZY2', 'Mercedes-Benz', 'E-Class', 2016, 75875.23, 102, '2024-11-22 12:11:15', '2024-11-22 12:11:15');
INSERT INTO Car (CarID, VIN, Make, Model, [Year], Price, StorageLotID, Added_on, Updated_On) VALUES (10009, 'NRG6F814PY6OZDCVJ', 'Tesla', 'Model 3', 2020, 44088.08, 102, '2024-11-22 12:11:15', '2024-11-22 12:11:15');
INSERT INTO Car (CarID, VIN, Make, Model, [Year], Price, StorageLotID, Added_on, Updated_On) VALUES (10010, 'X8CN9CRKTWQI8T2WQ', 'Chevrolet', 'Camaro', 2005, 79483.52, 102, '2024-11-22 12:11:15', '2024-11-22 12:11:15');
INSERT INTO Car (CarID, VIN, Make, Model, [Year], Price, StorageLotID, Added_on, Updated_On) VALUES (10011, 'H5KXMOJ40VPP6CRM5', 'Tesla', 'Model S', 2000, 18921.62, 102, '2024-11-22 12:11:15', '2024-11-22 12:11:15');
INSERT INTO Car (CarID, VIN, Make, Model, [Year], Price, StorageLotID, Added_on, Updated_On) VALUES (10012, '667OWZDQ0H712DHAT', 'Toyota', 'Corolla', 2008, 23833.9, 102, '2024-11-22 12:11:15', '2024-11-22 12:11:15');
INSERT INTO Car (CarID, VIN, Make, Model, [Year], Price, StorageLotID, Added_on, Updated_On) VALUES (10013, 'CJXUEM0FSATHQTN42', 'Audi', 'Q5', 2016, 46769.8, 102, '2024-11-22 12:11:15', '2024-11-22 12:11:15');
INSERT INTO Car (CarID, VIN, Make, Model, [Year], Price, StorageLotID, Added_on, Updated_On) VALUES (10014, 'V47HGPPZ1R0I8QO2I', 'Mercedes-Benz', 'C-Class', 2000, 74988.95, 102, '2024-11-22 12:11:15', '2024-11-22 12:11:15');
INSERT INTO Car (CarID, VIN, Make, Model, [Year], Price, StorageLotID, Added_on, Updated_On) VALUES (10015, 'B82J3Q6D8QF9EPXAF', 'Mercedes-Benz', 'GLC', 2020, 79478.2, 102, '2024-11-22 12:11:15', '2024-11-22 12:11:15');
INSERT INTO Car (CarID, VIN, Make, Model, [Year], Price, StorageLotID, Added_on, Updated_On) VALUES (10016, 'F32H4GNN0B6X75CW9', 'Tesla', 'Model 3', 2001, 43833.02, 102, '2024-11-22 12:11:15', '2024-11-22 12:11:15');
INSERT INTO Car (CarID, VIN, Make, Model, [Year], Price, StorageLotID, Added_on, Updated_On) VALUES (10017, 'H6FUVU0B2D8J8LOVC', 'Ford', 'F-150', 2016, 68456.08, 102, '2024-11-22 12:11:15', '2024-11-22 12:11:15');
INSERT INTO Car (CarID, VIN, Make, Model, [Year], Price, StorageLotID, Added_on, Updated_On) VALUES (10018, '4RH8KTB8DB24M9WCB', 'Audi', 'A6', 2012, 26215.13, 102, '2024-11-22 12:11:15', '2024-11-22 12:11:15');
INSERT INTO Car (CarID, VIN, Make, Model, [Year], Price, StorageLotID, Added_on, Updated_On) VALUES (10019, 'AFK1A0MJ7TH74R7SL', 'Tesla', 'Model X', 2000, 66254.58, 102, '2024-11-22 12:11:15', '2024-11-22 12:11:15');
INSERT INTO Car (CarID, VIN, Make, Model, [Year], Price, StorageLotID, Added_on, Updated_On) VALUES (10020, 'YYYJREUKJ9SP00GUH', 'Audi', 'A4', 2021, 42228.32, 102, '2024-11-22 12:11:15', '2024-11-22 12:11:15');
INSERT INTO Car (CarID, VIN, Make, Model, [Year], Price, StorageLotID, Added_on, Updated_On) VALUES (10021, '1AOGL1FYT4190EJOK', 'Toyota', 'RAV4', 2011, 69173.65, 102, '2024-11-22 12:11:15', '2024-11-22 12:11:15');
INSERT INTO Car (CarID, VIN, Make, Model, [Year], Price, StorageLotID, Added_on, Updated_On) VALUES (10022, 'NCEHT5MW1Y6WP90J1', 'Nissan', 'Altima', 2011, 85842.71, 102, '2024-11-22 12:11:15', '2024-11-22 12:11:15');
INSERT INTO Car (CarID, VIN, Make, Model, [Year], Price, StorageLotID, Added_on, Updated_On) VALUES (10023, 'D1PL73QOGQJUARI1B', 'Tesla', 'Model X', 2004, 73149.21, 102, '2024-11-22 12:11:15', '2024-11-22 12:11:15');
INSERT INTO Car (CarID, VIN, Make, Model, [Year], Price, StorageLotID, Added_on, Updated_On) VALUES (10024, 'J735Y517R9A34DG01', 'Ford', 'Mustang', 2021, 20982.44, 102, '2024-11-22 12:11:15', '2024-11-22 12:11:15');
INSERT INTO Car (CarID, VIN, Make, Model, [Year], Price, StorageLotID, Added_on, Updated_On) VALUES (10025, '1ZOSGYAIVBKSY9YIQ', 'Nissan', 'Rogue', 2005, 80898.03, 102, '2024-11-22 12:11:15', '2024-11-22 12:11:15');
INSERT INTO Car (CarID, VIN, Make, Model, [Year], Price, StorageLotID, Added_on, Updated_On) VALUES (10026, 'Y2ULFF98MYL89WM92', 'BMW', 'X5', 2023, 18132.35, 102, '2024-11-22 12:11:15', '2024-11-22 12:11:15');
INSERT INTO Car (CarID, VIN, Make, Model, [Year], Price, StorageLotID, Added_on, Updated_On) VALUES (10027, '67NMMRSXMT8NLLFMU', 'Hyundai', 'Elantra', 2008, 14072.54, 102, '2024-11-22 12:11:15', '2024-11-22 12:11:15');
INSERT INTO Car (CarID, VIN, Make, Model, [Year], Price, StorageLotID, Added_on, Updated_On) VALUES (10028, 'ZLWRPPALML8IV9WRF', 'Ford', 'Explorer', 2012, 42331.82, 102, '2024-11-22 12:11:15', '2024-11-22 12:11:15');
INSERT INTO Car (CarID, VIN, Make, Model, [Year], Price, StorageLotID, Added_on, Updated_On) VALUES (10029, 'UV2RZ1Z378WPRPNS1', 'Toyota', 'RAV4', 2012, 91339.77, 102, '2024-11-22 12:11:15', '2024-11-22 12:11:15');
INSERT INTO Car (CarID, VIN, Make, Model, [Year], Price, StorageLotID, Added_on, Updated_On) VALUES (10030, 'DOGP83YRBK4HAAX82', 'Toyota', 'Corolla', 2023, 54911.54, 102, '2024-11-22 12:11:15', '2024-11-22 12:11:15');
INSERT INTO Car (CarID, VIN, Make, Model, [Year], Price, StorageLotID, Added_on, Updated_On) VALUES (10031, '0GHSOSPORPIUCU624', 'Honda', 'CR-V', 2002, 56158.25, 102, '2024-11-22 12:11:15', '2024-11-22 12:11:15');
INSERT INTO Car (CarID, VIN, Make, Model, [Year], Price, StorageLotID, Added_on, Updated_On) VALUES (10032, '3M9RRRQO3QXVJ7G58', 'BMW', '3 Series', 2008, 96595.1, 102, '2024-11-22 12:11:15', '2024-11-22 12:11:15');
INSERT INTO Car (CarID, VIN, Make, Model, [Year], Price, StorageLotID, Added_on, Updated_On) VALUES (10033, 'XPSX6FSHJ90JKDTVR', 'Hyundai', 'Tucson', 2009, 69978.55, 102, '2024-11-22 12:11:15', '2024-11-22 12:11:15');
INSERT INTO Car (CarID, VIN, Make, Model, [Year], Price, StorageLotID, Added_on, Updated_On) VALUES (10034, 'ABW6BDU8Z9DGJ1QUH', 'Chevrolet', 'Impala', 2019, 65078.34, 102, '2024-11-22 12:11:15', '2024-11-22 12:11:15');
INSERT INTO Car (CarID, VIN, Make, Model, [Year], Price, StorageLotID, Added_on, Updated_On) VALUES (10035, 'JGHMU49IK7C7QG80Y', 'Nissan', 'Rogue', 2024, 13334.85, 102, '2024-11-22 12:11:15', '2024-11-22 12:11:15');
INSERT INTO Car (CarID, VIN, Make, Model, [Year], Price, StorageLotID, Added_on, Updated_On) VALUES (10036, 'QVPO6LOOF5OWRMP2N', 'Mercedes-Benz', 'C-Class', 2011, 92248.19, 102, '2024-11-22 12:11:15', '2024-11-22 12:11:15');
INSERT INTO Car (CarID, VIN, Make, Model, [Year], Price, StorageLotID, Added_on, Updated_On) VALUES (10037, 'EKSM27SIVJODGCPB2', 'Audi', 'A4', 2010, 91013.08, 102, '2024-11-22 12:11:15', '2024-11-22 12:11:15');
INSERT INTO Car (CarID, VIN, Make, Model, [Year], Price, StorageLotID, Added_on, Updated_On) VALUES (10038, 'YTMXPCD7LS3OK2TZH', 'Ford', 'F-150', 2020, 22920.98, 102, '2024-11-22 12:11:15', '2024-11-22 12:11:15');
INSERT INTO Car (CarID, VIN, Make, Model, [Year], Price, StorageLotID, Added_on, Updated_On) VALUES (10039, 'RF715RE1G7A0NITLM', 'Audi', 'A4', 2002, 89028.88, 102, '2024-11-22 12:11:15', '2024-11-22 12:11:15');
INSERT INTO Car (CarID, VIN, Make, Model, [Year], Price, StorageLotID, Added_on, Updated_On) VALUES (10040, 'M8YKQLZY9FEZJUDDM', 'Hyundai', 'Elantra', 2009, 81977.83, 102, '2024-11-22 12:11:15', '2024-11-22 12:11:15');
INSERT INTO Car (CarID, VIN, Make, Model, [Year], Price, StorageLotID, Added_on, Updated_On) VALUES (10041, 'FQFL4WTA8HHCQ2IZ7', 'BMW', 'X5', 2000, 95615.62, 102, '2024-11-22 12:11:15', '2024-11-22 12:11:15');
INSERT INTO Car (CarID, VIN, Make, Model, [Year], Price, StorageLotID, Added_on, Updated_On) VALUES (10042, 'DM6HQ60NHAY1OIEBD', 'Tesla', 'Model X', 2023, 92986.7, 102, '2024-11-22 12:11:15', '2024-11-22 12:11:15');
INSERT INTO Car (CarID, VIN, Make, Model, [Year], Price, StorageLotID, Added_on, Updated_On) VALUES (10043, 'DVXSU531AM9C7G5MI', 'Honda', 'Accord', 2022, 95803.6, 102, '2024-11-22 12:11:15', '2024-11-22 12:11:15');
INSERT INTO Car (CarID, VIN, Make, Model, [Year], Price, StorageLotID, Added_on, Updated_On) VALUES (10044, '996D2U41764AADGMS', 'Honda', 'Civic', 2007, 18357.25, 102, '2024-11-22 12:11:15', '2024-11-22 12:11:15');
INSERT INTO Car (CarID, VIN, Make, Model, [Year], Price, StorageLotID, Added_on, Updated_On) VALUES (10045, 'M2FG16UHWMDECWNOJ', 'Tesla', 'Model X', 2000, 25923.02, 102, '2024-11-22 12:11:15', '2024-11-22 12:11:15');
INSERT INTO Car (CarID, VIN, Make, Model, [Year], Price, StorageLotID, Added_on, Updated_On) VALUES (10046, 'HIC1IE01085YCSP5K', 'Toyota', 'Camry', 2003, 93284.33, 102, '2024-11-22 12:11:15', '2024-11-22 12:11:15');
INSERT INTO Car (CarID, VIN, Make, Model, [Year], Price, StorageLotID, Added_on, Updated_On) VALUES (10047, 'JC10CVZC8CVDY7GD8', 'Chevrolet', 'Malibu', 2013, 28717.76, 102, '2024-11-22 12:11:15', '2024-11-22 12:11:15');
INSERT INTO Car (CarID, VIN, Make, Model, [Year], Price, StorageLotID, Added_on, Updated_On) VALUES (10048, '8SSO17ETBA0JMR1JD', 'Honda', 'Accord', 2011, 93364.22, 102, '2024-11-22 12:11:15', '2024-11-22 12:11:15');
INSERT INTO Car (CarID, VIN, Make, Model, [Year], Price, StorageLotID, Added_on, Updated_On) VALUES (10049, 'X9LTK9RXEE2BCSUL9', 'Toyota', 'Corolla', 2016, 77768.9, 102, '2024-11-22 12:11:15', '2024-11-22 12:11:15');
INSERT INTO Car (CarID, VIN, Make, Model, [Year], Price, StorageLotID, Added_on, Updated_On) VALUES (10050, 'KVJYEZFM1I0CDHOMT', 'Chevrolet', 'Malibu', 2009, 32683.97, 102, '2024-11-22 12:11:15', '2024-11-22 12:11:15');
INSERT INTO Car (CarID, VIN, Make, Model, [Year], Price, StorageLotID, Added_on, Updated_On) VALUES (10051, '5JEE16TL0K8UWD78F', 'Nissan', 'Maxima', 2014, 85072.85, 102, '2024-11-22 12:11:15', '2024-11-22 12:11:15');
INSERT INTO Car (CarID, VIN, Make, Model, [Year], Price, StorageLotID, Added_on, Updated_On) VALUES (10052, 'HKLX7P4J0WY6MRWTP', 'Chevrolet', 'Camaro', 2019, 92022.28, 102, '2024-11-22 12:11:15', '2024-11-22 12:11:15');
INSERT INTO Car (CarID, VIN, Make, Model, [Year], Price, StorageLotID, Added_on, Updated_On) VALUES (10053, 'OBZU3EVJT9HKFX2C7', 'Audi', 'Q5', 2003, 55579.02, 102, '2024-11-22 12:11:15', '2024-11-22 12:11:15');
INSERT INTO Car (CarID, VIN, Make, Model, [Year], Price, StorageLotID, Added_on, Updated_On) VALUES (10054, '4SWWDR4L6IMT8146A', 'Honda', 'Civic', 2014, 77724.83, 102, '2024-11-22 12:11:15', '2024-11-22 12:11:15');
INSERT INTO Car (CarID, VIN, Make, Model, [Year], Price, StorageLotID, Added_on, Updated_On) VALUES (10055, 'FXOMQ3G9PCC0ETOOD', 'Nissan', 'Rogue', 2012, 32363.38, 102, '2024-11-22 12:11:15', '2024-11-22 12:11:15');
INSERT INTO Car (CarID, VIN, Make, Model, [Year], Price, StorageLotID, Added_on, Updated_On) VALUES (10056, 'MC3Z3EEQPBE37LGVC', 'Mercedes-Benz', 'E-Class', 2004, 83627.72, 102, '2024-11-22 12:11:15', '2024-11-22 12:11:15');
INSERT INTO Car (CarID, VIN, Make, Model, [Year], Price, StorageLotID, Added_on, Updated_On) VALUES (10057, 'W5P39SGL61X2MHFWG', 'Audi', 'A6', 2011, 83069.6, 102, '2024-11-22 12:11:15', '2024-11-22 12:11:15');
INSERT INTO Car (CarID, VIN, Make, Model, [Year], Price, StorageLotID, Added_on, Updated_On) VALUES (10058, 'Z8IHO7CDCVFK4XK8A', 'Honda', 'Civic', 2022, 69206.33, 103, '2024-11-22 12:11:15', '2024-11-22 12:11:15');
INSERT INTO Car (CarID, VIN, Make, Model, [Year], Price, StorageLotID, Added_on, Updated_On) VALUES (10059, 'XST5ZOHOCO598F27U', 'Hyundai', 'Sonata', 2000, 78204.6, 103, '2024-11-22 12:11:15', '2024-11-22 12:11:15');
INSERT INTO Car (CarID, VIN, Make, Model, [Year], Price, StorageLotID, Added_on, Updated_On) VALUES (10060, 'EQ4VQGWKUR2U057X9', 'BMW', '3 Series', 2018, 62878.06, 104, '2024-11-22 12:11:15', '2024-11-22 12:11:15');
INSERT INTO Car (CarID, VIN, Make, Model, [Year], Price, StorageLotID, Added_on, Updated_On) VALUES (10061, 'BJZW0HAZPQ6LN5YLY', 'Hyundai', 'Tucson', 2012, 29156.88, 104, '2024-11-22 12:11:15', '2024-11-22 12:11:15');
INSERT INTO Car (CarID, VIN, Make, Model, [Year], Price, StorageLotID, Added_on, Updated_On) VALUES (10062, 'POYXQM5U154ARLDLR', 'Ford', 'Explorer', 2006, 54448.31, 104, '2024-11-22 12:11:15', '2024-11-22 12:11:15');
INSERT INTO Car (CarID, VIN, Make, Model, [Year], Price, StorageLotID, Added_on, Updated_On) VALUES (10063, 'ECE6ZAR80LB7P4RBL', 'Chevrolet', 'Impala', 2015, 71879.65, 104, '2024-11-22 12:11:15', '2024-11-22 12:11:15');
INSERT INTO Car (CarID, VIN, Make, Model, [Year], Price, StorageLotID, Added_on, Updated_On) VALUES (10064, 'YG8DOUE0SX4L812QA', 'Hyundai', 'Elantra', 2008, 20985.12, 104, '2024-11-22 12:11:15', '2024-11-22 12:11:15');
INSERT INTO Car (CarID, VIN, Make, Model, [Year], Price, StorageLotID, Added_on, Updated_On) VALUES (10065, 'T5L8TYTFPCBX5KWIB', 'Mercedes-Benz', 'C-Class', 2022, 29624.35, 104, '2024-11-22 12:11:15', '2024-11-22 12:11:15');
INSERT INTO Car (CarID, VIN, Make, Model, [Year], Price, StorageLotID, Added_on, Updated_On) VALUES (10066, 'ZJ9USBDA5Z7GR0DF0', 'Tesla', 'Model X', 2007, 13883.23, 104, '2024-11-22 12:11:15', '2024-11-22 12:11:15');
INSERT INTO Car (CarID, VIN, Make, Model, [Year], Price, StorageLotID, Added_on, Updated_On) VALUES (10067, 'KFHFNOQLCMY25CZZM', 'Hyundai', 'Tucson', 2002, 48537.02, 104, '2024-11-22 12:11:15', '2024-11-22 12:11:15');
INSERT INTO Car (CarID, VIN, Make, Model, [Year], Price, StorageLotID, Added_on, Updated_On) VALUES (10068, '53Y2U6WM4KUU3OPW5', 'Audi', 'A6', 2004, 95433.63, 104, '2024-11-22 12:11:15', '2024-11-22 12:11:15');
INSERT INTO Car (CarID, VIN, Make, Model, [Year], Price, StorageLotID, Added_on, Updated_On) VALUES (10069, 'PZR0LEVGO7QQRFCFC', 'Mercedes-Benz', 'C-Class', 2009, 76315.22, 104, '2024-11-22 12:11:15', '2024-11-22 12:11:15');
INSERT INTO Car (CarID, VIN, Make, Model, [Year], Price, StorageLotID, Added_on, Updated_On) VALUES (10070, 'DV54ES6GKKAPSEUZA', 'Ford', 'Explorer', 2010, 45547.5, 104, '2024-11-22 12:11:15', '2024-11-22 12:11:15');
INSERT INTO Car (CarID, VIN, Make, Model, [Year], Price, StorageLotID, Added_on, Updated_On) VALUES (10071, 'ODT0NB2XSAXOZ6LJP', 'BMW', '5 Series', 2014, 89451.66, 104, '2024-11-22 12:11:15', '2024-11-22 12:11:15');
INSERT INTO Car (CarID, VIN, Make, Model, [Year], Price, StorageLotID, Added_on, Updated_On) VALUES (10072, '867O8B0PT094T8KDF', 'Hyundai', 'Tucson', 2013, 89263.14, 105, '2024-11-22 12:11:15', '2024-11-22 12:11:15');
INSERT INTO Car (CarID, VIN, Make, Model, [Year], Price, StorageLotID, Added_on, Updated_On) VALUES (10073, 'WKY3HA1IWC13444YI', 'Mercedes-Benz', 'C-Class', 2001, 96813.37, 105, '2024-11-22 12:11:15', '2024-11-22 12:11:15');
INSERT INTO Car (CarID, VIN, Make, Model, [Year], Price, StorageLotID, Added_on, Updated_On) VALUES (10074, '0CN28VFSVMZ1A6AP7', 'BMW', 'X5', 2007, 25116.78, 105, '2024-11-22 12:11:15', '2024-11-22 12:11:15');
INSERT INTO Car (CarID, VIN, Make, Model, [Year], Price, StorageLotID, Added_on, Updated_On) VALUES (10075, 'XMI97GJXCBNLD97OB', 'Toyota', 'RAV4', 2018, 24365.08, 105, '2024-11-22 12:11:15', '2024-11-22 12:11:15');
INSERT INTO Car (CarID, VIN, Make, Model, [Year], Price, StorageLotID, Added_on, Updated_On) VALUES (10076, '8TEF1GUJKC619INXI', 'Honda', 'Civic', 2016, 88153.62, 107, '2024-11-22 12:11:15', '2024-11-22 12:11:15');
INSERT INTO Car (CarID, VIN, Make, Model, [Year], Price, StorageLotID, Added_on, Updated_On) VALUES (10077, '9691JUN1HFQKFQ64M', 'Toyota', 'RAV4', 2005, 22944.37, 107, '2024-11-22 12:11:15', '2024-11-22 12:11:15');
INSERT INTO Car (CarID, VIN, Make, Model, [Year], Price, StorageLotID, Added_on, Updated_On) VALUES (10078, '75DK4H9DOJR3CSM5M', 'Toyota', 'RAV4', 2019, 93604.27, 107, '2024-11-22 12:11:15', '2024-11-22 12:11:15');
INSERT INTO Car (CarID, VIN, Make, Model, [Year], Price, StorageLotID, Added_on, Updated_On) VALUES (10079, '8YC7SXGATUOHCZ577', 'Audi', 'A6', 2013, 39632.23, 107, '2024-11-22 12:11:15', '2024-11-22 12:11:15');
INSERT INTO Car (CarID, VIN, Make, Model, [Year], Price, StorageLotID, Added_on, Updated_On) VALUES (10080, 'OCAJGH0NWMXB7C6QG', 'Hyundai', 'Sonata', 2000, 53205.97, 107, '2024-11-22 12:11:15', '2024-11-22 12:11:15');
INSERT INTO Car (CarID, VIN, Make, Model, [Year], Price, StorageLotID, Added_on, Updated_On) VALUES (10081, '70LC9BG4MUOPKBD8Z', 'BMW', '3 Series', 2009, 90867.6, 107, '2024-11-22 12:11:15', '2024-11-22 12:11:15');
INSERT INTO Car (CarID, VIN, Make, Model, [Year], Price, StorageLotID, Added_on, Updated_On) VALUES (10082, '4NHLNI6V4DSU48ZQI', 'Nissan', 'Maxima', 2002, 51477.48, 108, '2024-11-22 12:11:15', '2024-11-22 12:11:15');
INSERT INTO Car (CarID, VIN, Make, Model, [Year], Price, StorageLotID, Added_on, Updated_On) VALUES (10083, 'AN9JKK3QHYLU5VXQK', 'Audi', 'Q5', 2014, 24173.22, 108, '2024-11-22 12:11:15', '2024-11-22 12:11:15');
INSERT INTO Car (CarID, VIN, Make, Model, [Year], Price, StorageLotID, Added_on, Updated_On) VALUES (10084, 'PPDQPNQL2JLY1K3PC', 'Chevrolet', 'Malibu', 2009, 26123.68, 109, '2024-11-22 12:11:15', '2024-11-22 12:11:15');
INSERT INTO Car (CarID, VIN, Make, Model, [Year], Price, StorageLotID, Added_on, Updated_On) VALUES (10085, 'P4YEFYT868HJOUTTH', 'Nissan', 'Rogue', 2024, 89887.52, 109, '2024-11-22 12:11:15', '2024-11-22 12:11:15');
INSERT INTO Car (CarID, VIN, Make, Model, [Year], Price, StorageLotID, Added_on, Updated_On) VALUES (10086, '1UGPQCED3UMLFGQS2', 'Mercedes-Benz', 'C-Class', 2011, 92863.17, 109, '2024-11-22 12:11:15', '2024-11-22 12:11:15');
INSERT INTO Car (CarID, VIN, Make, Model, [Year], Price, StorageLotID, Added_on, Updated_On) VALUES (10087, 'Y3G4QK8108A4TKYNF', 'Mercedes-Benz', 'C-Class', 2001, 52255.82, 109, '2024-11-22 12:11:15', '2024-11-22 12:11:15');
INSERT INTO Car (CarID, VIN, Make, Model, [Year], Price, StorageLotID, Added_on, Updated_On) VALUES (10088, 'MR9TQPCV889Y8R70V', 'Toyota', 'Camry', 2010, 79101.84, 109, '2024-11-22 12:11:15', '2024-11-22 12:11:15');
INSERT INTO Car (CarID, VIN, Make, Model, [Year], Price, StorageLotID, Added_on, Updated_On) VALUES (10089, 'BUN0J3MUG8J6E495I', 'Hyundai', 'Elantra', 2017, 74292.02, 109, '2024-11-22 12:11:15', '2024-11-22 12:11:15');
INSERT INTO Car (CarID, VIN, Make, Model, [Year], Price, StorageLotID, Added_on, Updated_On) VALUES (10090, 'BGGMRQM0TSPHB4F8Y', 'Ford', 'Mustang', 2016, 43668.57, 109, '2024-11-22 12:11:15', '2024-11-22 12:11:15');
INSERT INTO Car (CarID, VIN, Make, Model, [Year], Price, StorageLotID, Added_on, Updated_On) VALUES (10091, 'FXZQ12CLJJS8WNQXG', 'Mercedes-Benz', 'C-Class', 2020, 42506.07, 109, '2024-11-22 12:11:15', '2024-11-22 12:11:15');
INSERT INTO Car (CarID, VIN, Make, Model, [Year], Price, StorageLotID, Added_on, Updated_On) VALUES (10092, 'P9NQ7LPF0F9B4DQIV', 'Chevrolet', 'Malibu', 2008, 66393.14, 109, '2024-11-22 12:11:15', '2024-11-22 12:11:15');
INSERT INTO Car (CarID, VIN, Make, Model, [Year], Price, StorageLotID, Added_on, Updated_On) VALUES (10093, 'VA0T7DY4M5EP8WW41', 'Hyundai', 'Sonata', 2016, 82980.85, 109, '2024-11-22 12:11:15', '2024-11-22 12:11:15');
INSERT INTO Car (CarID, VIN, Make, Model, [Year], Price, StorageLotID, Added_on, Updated_On) VALUES (10094, '6CUB6PJFP1GHAOSYE', 'Tesla', 'Model S', 2012, 62685.08, 109, '2024-11-22 12:11:15', '2024-11-22 12:11:15');
INSERT INTO Car (CarID, VIN, Make, Model, [Year], Price, StorageLotID, Added_on, Updated_On) VALUES (10095, 'T3JQUEJV2YX3Z5GTH', 'Tesla', 'Model 3', 2018, 54758.68, 109, '2024-11-22 12:11:15', '2024-11-22 12:11:15');
INSERT INTO Car (CarID, VIN, Make, Model, [Year], Price, StorageLotID, Added_on, Updated_On) VALUES (10096, 'QOHA59IJMYR6Y1KIS', 'Audi', 'A6', 2000, 39814.28, 109, '2024-11-22 12:11:15', '2024-11-22 12:11:15');
INSERT INTO Car (CarID, VIN, Make, Model, [Year], Price, StorageLotID, Added_on, Updated_On) VALUES (10097, 'CJ0JGACYZZO21CM18', 'Ford', 'Explorer', 2011, 34366.4, 109, '2024-11-22 12:11:15', '2024-11-22 12:11:15');
INSERT INTO Car (CarID, VIN, Make, Model, [Year], Price, StorageLotID, Added_on, Updated_On) VALUES (10098, 'IUM6O937X1H32XCE2', 'Audi', 'Q5', 2014, 26029.53, 109, '2024-11-22 12:11:15', '2024-11-22 12:11:15');
INSERT INTO Car (CarID, VIN, Make, Model, [Year], Price, StorageLotID, Added_on, Updated_On) VALUES (10099, '7901T7HCVHTTFPJKJ', 'BMW', 'X5', 2009, 27353.29, 109, '2024-11-22 12:11:15', '2024-11-22 12:11:15');
INSERT INTO Car (CarID, VIN, Make, Model, [Year], Price, StorageLotID, Added_on, Updated_On) VALUES (10100, '4ZYND973H816CDW7S', 'BMW', '5 Series', 2003, 89239.12, 109, '2024-11-22 12:11:15', '2024-11-22 12:11:15');
INSERT INTO Car (CarID, VIN, Make, Model, [Year], Price, StorageLotID, Added_on, Updated_On) VALUES (10101, 'BULG96UI6J78C8I0X', 'Tesla', 'Model X', 2019, 90386.21, 109, '2024-11-22 12:11:15', '2024-11-22 12:11:15');
INSERT INTO Car (CarID, VIN, Make, Model, [Year], Price, StorageLotID, Added_on, Updated_On) VALUES (10102, 'QB4CYV4YAM62XMOCI', 'Tesla', 'Model 3', 2001, 13099.55, 109, '2024-11-22 12:11:15', '2024-11-22 12:11:15');
INSERT INTO Car (CarID, VIN, Make, Model, [Year], Price, StorageLotID, Added_on, Updated_On) VALUES (10103, '7WMIDKRJHS5YCB12V', 'Hyundai', 'Tucson', 2002, 44280.35, 109, '2024-11-22 12:11:15', '2024-11-22 12:11:15');
INSERT INTO Car (CarID, VIN, Make, Model, [Year], Price, StorageLotID, Added_on, Updated_On) VALUES (10104, 'OH11JZJRP4NKK00SP', 'Nissan', 'Rogue', 2006, 41472.1, 109, '2024-11-22 12:11:15', '2024-11-22 12:11:15');
INSERT INTO Car (CarID, VIN, Make, Model, [Year], Price, StorageLotID, Added_on, Updated_On) VALUES (10105, 'T0P37HDUN25CPXX8C', 'Ford', 'Mustang', 2010, 43373.26, 109, '2024-11-22 12:11:15', '2024-11-22 12:11:15');
INSERT INTO Car (CarID, VIN, Make, Model, [Year], Price, StorageLotID, Added_on, Updated_On) VALUES (10106, 'S7GPR7HS6IBJI93Y9', 'Toyota', 'Corolla', 2022, 64178.22, 109, '2024-11-22 12:11:15', '2024-11-22 12:11:15');
INSERT INTO Car (CarID, VIN, Make, Model, [Year], Price, StorageLotID, Added_on, Updated_On) VALUES (10107, '0Q71JOOHVYF804Q12', 'BMW', 'X5', 2022, 71801.74, 109, '2024-11-22 12:11:15', '2024-11-22 12:11:15');
INSERT INTO Car (CarID, VIN, Make, Model, [Year], Price, StorageLotID, Added_on, Updated_On) VALUES (10108, 'KCR4BMOOJEO86QP8E', 'Nissan', 'Rogue', 2011, 70645.16, 109, '2024-11-22 12:11:15', '2024-11-22 12:11:15');
INSERT INTO Car (CarID, VIN, Make, Model, [Year], Price, StorageLotID, Added_on, Updated_On) VALUES (10109, 'G8EBGWNH2M9CAQHQ5', 'Chevrolet', 'Impala', 2013, 21545.71, 109, '2024-11-22 12:11:15', '2024-11-22 12:11:15');
INSERT INTO Car (CarID, VIN, Make, Model, [Year], Price, StorageLotID, Added_on, Updated_On) VALUES (10110, '3PVL9MO1HZ826M47D', 'Tesla', 'Model S', 2017, 22178.91, 109, '2024-11-22 12:11:15', '2024-11-22 12:11:15');
INSERT INTO Car (CarID, VIN, Make, Model, [Year], Price, StorageLotID, Added_on, Updated_On) VALUES (10111, 'Z18LZ8OPLOFKDBPZB', 'Hyundai', 'Elantra', 2024, 71887.85, 109, '2024-11-22 12:11:15', '2024-11-22 12:11:15');
INSERT INTO Car (CarID, VIN, Make, Model, [Year], Price, StorageLotID, Added_on, Updated_On) VALUES (10112, 'Q5XQDM44QT3EQCTAU', 'Nissan', 'Rogue', 2003, 81818.32, 109, '2024-11-22 12:11:15', '2024-11-22 12:11:15');
INSERT INTO Car (CarID, VIN, Make, Model, [Year], Price, StorageLotID, Added_on, Updated_On) VALUES (10113, '0NF8NE32HUAQ2TW2F', 'Tesla', 'Model S', 2011, 68468.1, 109, '2024-11-22 12:11:15', '2024-11-22 12:11:15');
INSERT INTO Car (CarID, VIN, Make, Model, [Year], Price, StorageLotID, Added_on, Updated_On) VALUES (10114, '10JW2UND2TONX3YZF', 'Hyundai', 'Tucson', 2003, 70674.77, 109, '2024-11-22 12:11:15', '2024-11-22 12:11:15');
INSERT INTO Car (CarID, VIN, Make, Model, [Year], Price, StorageLotID, Added_on, Updated_On) VALUES (10115, 'CT0PMLJE82YHI3I5E', 'Nissan', 'Maxima', 2001, 46425.87, 109, '2024-11-22 12:11:15', '2024-11-22 12:11:15');
INSERT INTO Car (CarID, VIN, Make, Model, [Year], Price, StorageLotID, Added_on, Updated_On) VALUES (10116, '4HFVXVX7JDK9Q6X18', 'Toyota', 'Camry', 2022, 38764.89, 109, '2024-11-22 12:11:15', '2024-11-22 12:11:15');
INSERT INTO Car (CarID, VIN, Make, Model, [Year], Price, StorageLotID, Added_on, Updated_On) VALUES (10117, 'HWEOOJNXHO1I8U8NH', 'Mercedes-Benz', 'GLC', 2012, 18545.13, 109, '2024-11-22 12:11:15', '2024-11-22 12:11:15');
INSERT INTO Car (CarID, VIN, Make, Model, [Year], Price, StorageLotID, Added_on, Updated_On) VALUES (10118, 'K8D2EGNPNIEGOXSLR', 'Ford', 'Mustang', 2006, 63391.01, 109, '2024-11-22 12:11:15', '2024-11-22 12:11:15');
INSERT INTO Car (CarID, VIN, Make, Model, [Year], Price, StorageLotID, Added_on, Updated_On) VALUES (10119, 'M6T0EEAAVO06G0ATY', 'Audi', 'Q5', 2023, 22325.8, 109, '2024-11-22 12:11:15', '2024-11-22 12:11:15');
INSERT INTO Car (CarID, VIN, Make, Model, [Year], Price, StorageLotID, Added_on, Updated_On) VALUES (10120, 'M2NO4KSM6E125LQG6', 'Chevrolet', 'Malibu', 2003, 92502.14, 109, '2024-11-22 12:11:15', '2024-11-22 12:11:15');
INSERT INTO Car (CarID, VIN, Make, Model, [Year], Price, StorageLotID, Added_on, Updated_On) VALUES (10121, 'WT1FGQ8CDCX3OM4C1', 'Toyota', 'Camry', 2018, 80875.69, 109, '2024-11-22 12:11:15', '2024-11-22 12:11:15');
INSERT INTO Car (CarID, VIN, Make, Model, [Year], Price, StorageLotID, Added_on, Updated_On) VALUES (10122, 'Q1TJ1B0KDS402RXC7', 'Ford', 'F-150', 2022, 28737.99, 109, '2024-11-22 12:11:15', '2024-11-22 12:11:15');
INSERT INTO Car (CarID, VIN, Make, Model, [Year], Price, StorageLotID, Added_on, Updated_On) VALUES (10123, 'XKPY8612KQLT547P9', 'Ford', 'Mustang', 2011, 98989.56, 109, '2024-11-22 12:11:15', '2024-11-22 12:11:15');
INSERT INTO Car (CarID, VIN, Make, Model, [Year], Price, StorageLotID, Added_on, Updated_On) VALUES (10124, 'Q4AX7I3TU0QA2N8M8', 'Toyota', 'RAV4', 2012, 95564.97, 109, '2024-11-22 12:11:15', '2024-11-22 12:11:15');
INSERT INTO Car (CarID, VIN, Make, Model, [Year], Price, StorageLotID, Added_on, Updated_On) VALUES (10125, 'HG05B5Z5P2M7FKA7A', 'Audi', 'Q5', 2009, 22364.63, 109, '2024-11-22 12:11:15', '2024-11-22 12:11:15');
INSERT INTO Car (CarID, VIN, Make, Model, [Year], Price, StorageLotID, Added_on, Updated_On) VALUES (10126, 'KSQM4KRYA4VHA41S4', 'Honda', 'CR-V', 2007, 34155.66, 109, '2024-11-22 12:11:15', '2024-11-22 12:11:15');
INSERT INTO Car (CarID, VIN, Make, Model, [Year], Price, StorageLotID, Added_on, Updated_On) VALUES (10127, 'R85L5WY49RDBWQLVB', 'Honda', 'Accord', 2016, 85940.39, 109, '2024-11-22 12:11:15', '2024-11-22 12:11:15');
INSERT INTO Car (CarID, VIN, Make, Model, [Year], Price, StorageLotID, Added_on, Updated_On) VALUES (10128, '0W6YAM0IVWA97R5E0', 'BMW', '3 Series', 2002, 81998.79, 109, '2024-11-22 12:11:15', '2024-11-22 12:11:15');
INSERT INTO Car (CarID, VIN, Make, Model, [Year], Price, StorageLotID, Added_on, Updated_On) VALUES (10129, 'OUIGZT0056ARK7QH4', 'Nissan', 'Rogue', 2004, 74511.88, 109, '2024-11-22 12:11:15', '2024-11-22 12:11:15');
INSERT INTO Car (CarID, VIN, Make, Model, [Year], Price, StorageLotID, Added_on, Updated_On) VALUES (10130, '767TH4LZNBQ4V7L9X', 'Honda', 'Civic', 2011, 91079.64, 109, '2024-11-22 12:11:15', '2024-11-22 12:11:15');
INSERT INTO Car (CarID, VIN, Make, Model, [Year], Price, StorageLotID, Added_on, Updated_On) VALUES (10131, 'GAG9S7MBM5XC9W06N', 'Audi', 'Q5', 2002, 82396.41, 109, '2024-11-22 12:11:15', '2024-11-22 12:11:15');
INSERT INTO Car (CarID, VIN, Make, Model, [Year], Price, StorageLotID, Added_on, Updated_On) VALUES (10132, 'GI139TBN1XLJD0N8X', 'Tesla', 'Model S', 2014, 18760.05, 109, '2024-11-22 12:11:15', '2024-11-22 12:11:15');
INSERT INTO Car (CarID, VIN, Make, Model, [Year], Price, StorageLotID, Added_on, Updated_On) VALUES (10133, 'LZ3WIB8C0UVP3NPQE', 'Audi', 'A4', 2017, 32989.82, 109, '2024-11-22 12:11:15', '2024-11-22 12:11:15');
INSERT INTO Car (CarID, VIN, Make, Model, [Year], Price, StorageLotID, Added_on, Updated_On) VALUES (10134, '9XQTIGA3V2P7UA4B7', 'Ford', 'Mustang', 2005, 70607.47, 109, '2024-11-22 12:11:15', '2024-11-22 12:11:15');
INSERT INTO Car (CarID, VIN, Make, Model, [Year], Price, StorageLotID, Added_on, Updated_On) VALUES (10135, '633BHGYE0IK005H63', 'Nissan', 'Maxima', 2004, 98068.96, 109, '2024-11-22 12:11:15', '2024-11-22 12:11:15');
INSERT INTO Car (CarID, VIN, Make, Model, [Year], Price, StorageLotID, Added_on, Updated_On) VALUES (10136, 'MXLUZEU3IMNHYDE0H', 'BMW', '3 Series', 2013, 40188.17, 109, '2024-11-22 12:11:15', '2024-11-22 12:11:15');
INSERT INTO Car (CarID, VIN, Make, Model, [Year], Price, StorageLotID, Added_on, Updated_On) VALUES (10137, 'Q68MK0FSNXBM3HFK3', 'Hyundai', 'Tucson', 2004, 44547.5, 109, '2024-11-22 12:11:15', '2024-11-22 12:11:15');
INSERT INTO Car (CarID, VIN, Make, Model, [Year], Price, StorageLotID, Added_on, Updated_On) VALUES (10138, '7FQIHYZ092PUQ0ZE4', 'Ford', 'F-150', 2011, 39531.62, 109, '2024-11-22 12:11:15', '2024-11-22 12:11:15');
INSERT INTO Car (CarID, VIN, Make, Model, [Year], Price, StorageLotID, Added_on, Updated_On) VALUES (10139, 'IO30PR0HLJ0GVJYX2', 'Toyota', 'Corolla', 2002, 95771.05, 109, '2024-11-22 12:11:15', '2024-11-22 12:11:15');
INSERT INTO Car (CarID, VIN, Make, Model, [Year], Price, StorageLotID, Added_on, Updated_On) VALUES (10140, 'M979LZ9JBZLX8Q9VX', 'BMW', '3 Series', 2020, 38990.12, 109, '2024-11-22 12:11:15', '2024-11-22 12:11:15');
INSERT INTO Car (CarID, VIN, Make, Model, [Year], Price, StorageLotID, Added_on, Updated_On) VALUES (10141, '72ZPISGXKYO1YBK6N', 'Hyundai', 'Tucson', 2006, 25649.67, 109, '2024-11-22 12:11:15', '2024-11-22 12:11:15');
INSERT INTO Car (CarID, VIN, Make, Model, [Year], Price, StorageLotID, Added_on, Updated_On) VALUES (10142, 'W59CQJ2AQ9S9HK674', 'Toyota', 'RAV4', 2021, 89896.54, 109, '2024-11-22 12:11:15', '2024-11-22 12:11:15');
INSERT INTO Car (CarID, VIN, Make, Model, [Year], Price, StorageLotID, Added_on, Updated_On) VALUES (10143, 'JKFFN6L3CS3B6A07T', 'Audi', 'A6', 2002, 70799.89, 109, '2024-11-22 12:11:15', '2024-11-22 12:11:15');
INSERT INTO Car (CarID, VIN, Make, Model, [Year], Price, StorageLotID, Added_on, Updated_On) VALUES (10144, '2O2J9E2PK48W97QYD', 'Chevrolet', 'Impala', 2007, 53495.29, 109, '2024-11-22 12:11:15', '2024-11-22 12:11:15');
INSERT INTO Car (CarID, VIN, Make, Model, [Year], Price, StorageLotID, Added_on, Updated_On) VALUES (10145, 'V4NQXFDLAWODP1ON2', 'BMW', 'X5', 2007, 12672.49, 109, '2024-11-22 12:11:15', '2024-11-22 12:11:15');
INSERT INTO Car (CarID, VIN, Make, Model, [Year], Price, StorageLotID, Added_on, Updated_On) VALUES (10146, 'VP2PNN8DHRKWARONH', 'Chevrolet', 'Camaro', 2011, 52576.35, 109, '2024-11-22 12:11:15', '2024-11-22 12:11:15');
INSERT INTO Car (CarID, VIN, Make, Model, [Year], Price, StorageLotID, Added_on, Updated_On) VALUES (10147, '2FX7QYCWJV5EKD2KD', 'Toyota', 'RAV4', 2001, 43541.8, 109, '2024-11-22 12:11:15', '2024-11-22 12:11:15');
INSERT INTO Car (CarID, VIN, Make, Model, [Year], Price, StorageLotID, Added_on, Updated_On) VALUES (10148, '74OLFALU1YIZEPKO4', 'Audi', 'Q5', 2017, 85388.95, 109, '2024-11-22 12:11:15', '2024-11-22 12:11:15');
INSERT INTO Car (CarID, VIN, Make, Model, [Year], Price, StorageLotID, Added_on, Updated_On) VALUES (10149, '4L7UEHPXUDRZQQX5J', 'Mercedes-Benz', 'E-Class', 2005, 60671.72, 109, '2024-11-22 12:11:15', '2024-11-22 12:11:15');
INSERT INTO Car (CarID, VIN, Make, Model, [Year], Price, StorageLotID, Added_on, Updated_On) VALUES (10150, 'D8117BNWQ2JLASYXC', 'Nissan', 'Rogue', 2014, 72764.18, 109, '2024-11-22 12:11:15', '2024-11-22 12:11:15');
INSERT INTO Car (CarID, VIN, Make, Model, [Year], Price, StorageLotID, Added_on, Updated_On) VALUES (10151, 'PYFMSJVBK6TOA1OSB', 'Ford', 'F-150', 2009, 47137.75, 109, '2024-11-22 12:11:15', '2024-11-22 12:11:15');
INSERT INTO Car (CarID, VIN, Make, Model, [Year], Price, StorageLotID, Added_on, Updated_On) VALUES (10152, '558BOVVH8Z6Q4OWJZ', 'Hyundai', 'Tucson', 2012, 61892.58, 109, '2024-11-22 12:11:15', '2024-11-22 12:11:15');
INSERT INTO Car (CarID, VIN, Make, Model, [Year], Price, StorageLotID, Added_on, Updated_On) VALUES (10153, '2K8AHKXDKB0V5THV6', 'Toyota', 'RAV4', 2018, 29972.91, 110, '2024-11-22 12:11:15', '2024-11-22 12:11:15');
INSERT INTO Car (CarID, VIN, Make, Model, [Year], Price, StorageLotID, Added_on, Updated_On) VALUES (10154, 'XJLRODCXPBAI8TUOA', 'Tesla', 'Model X', 2001, 21025.7, 110, '2024-11-22 12:11:15', '2024-11-22 12:11:15');
INSERT INTO Car (CarID, VIN, Make, Model, [Year], Price, StorageLotID, Added_on, Updated_On) VALUES (10155, '5OT5LXB07BAKSQ4UV', 'Mercedes-Benz', 'GLC', 2022, 93568.16, 110, '2024-11-22 12:11:15', '2024-11-22 12:11:15');
INSERT INTO Car (CarID, VIN, Make, Model, [Year], Price, StorageLotID, Added_on, Updated_On) VALUES (10156, '6K4R7SD15MJ59FO83', 'Audi', 'A4', 2022, 48148.59, 110, '2024-11-22 12:11:15', '2024-11-22 12:11:15');
INSERT INTO Car (CarID, VIN, Make, Model, [Year], Price, StorageLotID, Added_on, Updated_On) VALUES (10157, 'CFTXJ0AUW6ZMIT409', 'Chevrolet', 'Malibu', 2024, 60335.85, 110, '2024-11-22 12:11:15', '2024-11-22 12:11:15');
INSERT INTO Car (CarID, VIN, Make, Model, [Year], Price, StorageLotID, Added_on, Updated_On) VALUES (10158, 'RT81NCZPFQQ2PLHDN', 'Chevrolet', 'Malibu', 2014, 32838.62, 110, '2024-11-22 12:11:15', '2024-11-22 12:11:15');
INSERT INTO Car (CarID, VIN, Make, Model, [Year], Price, StorageLotID, Added_on, Updated_On) VALUES (10159, 'ZQSPG1KGHZ27T15VD', 'Nissan', 'Altima', 2017, 81636.81, 110, '2024-11-22 12:11:15', '2024-11-22 12:11:15');
INSERT INTO Car (CarID, VIN, Make, Model, [Year], Price, StorageLotID, Added_on, Updated_On) VALUES (10160, 'G5AMY1KN2CG49N7ZW', 'Honda', 'Civic', 2010, 59640.87, 110, '2024-11-22 12:11:15', '2024-11-22 12:11:15');
INSERT INTO Car (CarID, VIN, Make, Model, [Year], Price, StorageLotID, Added_on, Updated_On) VALUES (10161, 'TGFR3CL3BNAB4L0G4', 'Ford', 'F-150', 2000, 64777.98, 110, '2024-11-22 12:11:15', '2024-11-22 12:11:15');
INSERT INTO Car (CarID, VIN, Make, Model, [Year], Price, StorageLotID, Added_on, Updated_On) VALUES (10162, 'CWJQEQAUZFV2DTORS', 'Ford', 'F-150', 2015, 24579.48, 110, '2024-11-22 12:11:15', '2024-11-22 12:11:15');
INSERT INTO Car (CarID, VIN, Make, Model, [Year], Price, StorageLotID, Added_on, Updated_On) VALUES (10163, 'E3P7B4HPPEDY4UK0P', 'BMW', 'X5', 2006, 20810.27, 110, '2024-11-22 12:11:15', '2024-11-22 12:11:15');
INSERT INTO Car (CarID, VIN, Make, Model, [Year], Price, StorageLotID, Added_on, Updated_On) VALUES (10164, 'BHE5967MOT6Q5Y3JC', 'Honda', 'CR-V', 2003, 75773.58, 110, '2024-11-22 12:11:15', '2024-11-22 12:11:15');
INSERT INTO Car (CarID, VIN, Make, Model, [Year], Price, StorageLotID, Added_on, Updated_On) VALUES (10165, 'BGRTH4UZUYLBDUJZK', 'Hyundai', 'Sonata', 2023, 18668.63, 110, '2024-11-22 12:11:15', '2024-11-22 12:11:15');
INSERT INTO Car (CarID, VIN, Make, Model, [Year], Price, StorageLotID, Added_on, Updated_On) VALUES (10166, 'IEKT0E5XRJWROACS1', 'Tesla', 'Model S', 2014, 85506.45, 110, '2024-11-22 12:11:15', '2024-11-22 12:11:15');
INSERT INTO Car (CarID, VIN, Make, Model, [Year], Price, StorageLotID, Added_on, Updated_On) VALUES (10167, '3HJKT5GTZ6VZ6N88C', 'Honda', 'CR-V', 2024, 13427.95, 110, '2024-11-22 12:11:15', '2024-11-22 12:11:15');
INSERT INTO Car (CarID, VIN, Make, Model, [Year], Price, StorageLotID, Added_on, Updated_On) VALUES (10168, 'BIODUW1PLGX08JF6L', 'Ford', 'Explorer', 2021, 25332.54, 110, '2024-11-22 12:11:15', '2024-11-22 12:11:15');
INSERT INTO Car (CarID, VIN, Make, Model, [Year], Price, StorageLotID, Added_on, Updated_On) VALUES (10169, 'YIQM0756821R6227E', 'Tesla', 'Model 3', 2009, 99744.18, 110, '2024-11-22 12:11:15', '2024-11-22 12:11:15');
INSERT INTO Car (CarID, VIN, Make, Model, [Year], Price, StorageLotID, Added_on, Updated_On) VALUES (10170, 'NEIHUJXM3DL6NSHG0', 'BMW', '5 Series', 2012, 24045.81, 110, '2024-11-22 12:11:15', '2024-11-22 12:11:15');
INSERT INTO Car (CarID, VIN, Make, Model, [Year], Price, StorageLotID, Added_on, Updated_On) VALUES (10171, 'KO1AEDJBKVF9JDB1W', 'Mercedes-Benz', 'C-Class', 2003, 64471.99, 110, '2024-11-22 12:11:15', '2024-11-22 12:11:15');
INSERT INTO Car (CarID, VIN, Make, Model, [Year], Price, StorageLotID, Added_on, Updated_On) VALUES (10172, 'NAW9DRVZ2Z272MA85', 'Tesla', 'Model S', 2018, 69092.45, 110, '2024-11-22 12:11:15', '2024-11-22 12:11:15');
INSERT INTO Car (CarID, VIN, Make, Model, [Year], Price, StorageLotID, Added_on, Updated_On) VALUES (10173, '9ST4T96A4E1BYLZG1', 'Honda', 'Civic', 2015, 72743.94, 110, '2024-11-22 12:11:15', '2024-11-22 12:11:15');
INSERT INTO Car (CarID, VIN, Make, Model, [Year], Price, StorageLotID, Added_on, Updated_On) VALUES (10174, 'R660H9D4RHLBDX3KM', 'BMW', '3 Series', 2001, 97143.94, 110, '2024-11-22 12:11:15', '2024-11-22 12:11:15');
INSERT INTO Car (CarID, VIN, Make, Model, [Year], Price, StorageLotID, Added_on, Updated_On) VALUES (10175, 'BTLM4FN6I35Q90Q98', 'Chevrolet', 'Malibu', 2003, 98321.39, 110, '2024-11-22 12:11:15', '2024-11-22 12:11:15');
INSERT INTO Car (CarID, VIN, Make, Model, [Year], Price, StorageLotID, Added_on, Updated_On) VALUES (10176, 'TL2J3MMGKAWEFJD8Z', 'Audi', 'A6', 2023, 73387.12, 110, '2024-11-22 12:11:15', '2024-11-22 12:11:15');
INSERT INTO Car (CarID, VIN, Make, Model, [Year], Price, StorageLotID, Added_on, Updated_On) VALUES (10177, 'XNKDTIR5Q6L8YC5GG', 'BMW', '5 Series', 2016, 36678.68, 110, '2024-11-22 12:11:15', '2024-11-22 12:11:15');
INSERT INTO Car (CarID, VIN, Make, Model, [Year], Price, StorageLotID, Added_on, Updated_On) VALUES (10178, 'S205QEZ0OX2DUF6GO', 'Toyota', 'RAV4', 2021, 62659.57, 110, '2024-11-22 12:11:15', '2024-11-22 12:11:15');
INSERT INTO Car (CarID, VIN, Make, Model, [Year], Price, StorageLotID, Added_on, Updated_On) VALUES (10179, 'T4THYFIJN07UNZGUC', 'Chevrolet', 'Camaro', 2013, 45948.4, 110, '2024-11-22 12:11:15', '2024-11-22 12:11:15');
INSERT INTO Car (CarID, VIN, Make, Model, [Year], Price, StorageLotID, Added_on, Updated_On) VALUES (10180, 'A5O3B7DZQ5LRCV38D', 'Audi', 'A6', 2010, 22861.2, 110, '2024-11-22 12:11:15', '2024-11-22 12:11:15');
INSERT INTO Car (CarID, VIN, Make, Model, [Year], Price, StorageLotID, Added_on, Updated_On) VALUES (10181, '88G4FC35G8O9CIBUV', 'BMW', '5 Series', 2013, 91907.57, 110, '2024-11-22 12:11:15', '2024-11-22 12:11:15');
INSERT INTO Car (CarID, VIN, Make, Model, [Year], Price, StorageLotID, Added_on, Updated_On) VALUES (10182, '9ZYZE7EU4R82XEC22', 'Hyundai', 'Sonata', 2001, 63854.08, 110, '2024-11-22 12:11:15', '2024-11-22 12:11:15');
INSERT INTO Car (CarID, VIN, Make, Model, [Year], Price, StorageLotID, Added_on, Updated_On) VALUES (10183, 'OV9FWR0BPHUT4G460', 'Tesla', 'Model 3', 2020, 74456.13, 110, '2024-11-22 12:11:15', '2024-11-22 12:11:15');
INSERT INTO Car (CarID, VIN, Make, Model, [Year], Price, StorageLotID, Added_on, Updated_On) VALUES (10184, '4O2O6PM0LCZG1QHKU', 'Ford', 'Explorer', 2000, 48413.31, 110, '2024-11-22 12:11:15', '2024-11-22 12:11:15');
INSERT INTO Car (CarID, VIN, Make, Model, [Year], Price, StorageLotID, Added_on, Updated_On) VALUES (10185, 'KVBHADEUZAI0KFQ0X', 'Audi', 'A4', 2000, 31341.74, 110, '2024-11-22 12:11:15', '2024-11-22 12:11:15');
INSERT INTO Car (CarID, VIN, Make, Model, [Year], Price, StorageLotID, Added_on, Updated_On) VALUES (10186, '1PPXNH06NQA0YX7K7', 'Mercedes-Benz', 'C-Class', 2012, 76807.96, 111, '2024-11-22 12:11:15', '2024-11-22 12:11:15');
INSERT INTO Car (CarID, VIN, Make, Model, [Year], Price, StorageLotID, Added_on, Updated_On) VALUES (10187, '3QGLRUPCHN53ACG8W', 'Nissan', 'Maxima', 2016, 11165.59, 111, '2024-11-22 12:11:15', '2024-11-22 12:11:15');
INSERT INTO Car (CarID, VIN, Make, Model, [Year], Price, StorageLotID, Added_on, Updated_On) VALUES (10188, 'P6M8TFD5ZYS63UOIV', 'BMW', '5 Series', 2013, 54228.26, 111, '2024-11-22 12:11:15', '2024-11-22 12:11:15');
INSERT INTO Car (CarID, VIN, Make, Model, [Year], Price, StorageLotID, Added_on, Updated_On) VALUES (10189, '0WE1Y3D8E7Q6X2379', 'Hyundai', 'Tucson', 2005, 30168.87, 111, '2024-11-22 12:11:15', '2024-11-22 12:11:15');
INSERT INTO Car (CarID, VIN, Make, Model, [Year], Price, StorageLotID, Added_on, Updated_On) VALUES (10190, 'VVM72Z6IBTR6HVZIA', 'Hyundai', 'Tucson', 2001, 81321.27, 111, '2024-11-22 12:11:15', '2024-11-22 12:11:15');
INSERT INTO Car (CarID, VIN, Make, Model, [Year], Price, StorageLotID, Added_on, Updated_On) VALUES (10191, '0QE28T8EV8UHK268F', 'Toyota', 'RAV4', 2004, 64944.52, 111, '2024-11-22 12:11:15', '2024-11-22 12:11:15');
INSERT INTO Car (CarID, VIN, Make, Model, [Year], Price, StorageLotID, Added_on, Updated_On) VALUES (10192, '3X11KNTSXMDNJV59N', 'Mercedes-Benz', 'GLC', 2010, 64532.28, 111, '2024-11-22 12:11:15', '2024-11-22 12:11:15');
INSERT INTO Car (CarID, VIN, Make, Model, [Year], Price, StorageLotID, Added_on, Updated_On) VALUES (10193, 'GVOTTHVI9WPAKR9RI', 'BMW', '3 Series', 2020, 94183.47, 111, '2024-11-22 12:11:15', '2024-11-22 12:11:15');
INSERT INTO Car (CarID, VIN, Make, Model, [Year], Price, StorageLotID, Added_on, Updated_On) VALUES (10194, 'MWX7V2H1SUR07TO4J', 'Honda', 'Accord', 2007, 39878.22, 111, '2024-11-22 12:11:15', '2024-11-22 12:11:15');
INSERT INTO Car (CarID, VIN, Make, Model, [Year], Price, StorageLotID, Added_on, Updated_On) VALUES (10195, 'W6RFRAHPG4H1JU8C1', 'Toyota', 'Camry', 2012, 53631.29, 111, '2024-11-22 12:11:15', '2024-11-22 12:11:15');
INSERT INTO Car (CarID, VIN, Make, Model, [Year], Price, StorageLotID, Added_on, Updated_On) VALUES (10196, 'O3X25R4W8U2KYJTEP', 'Hyundai', 'Elantra', 2002, 42306.26, 111, '2024-11-22 12:11:15', '2024-11-22 12:11:15');
INSERT INTO Car (CarID, VIN, Make, Model, [Year], Price, StorageLotID, Added_on, Updated_On) VALUES (10197, 'R1HY06TUPHM5MMP54', 'Hyundai', 'Sonata', 2019, 20225.58, 111, '2024-11-22 12:11:15', '2024-11-22 12:11:15');
INSERT INTO Car (CarID, VIN, Make, Model, [Year], Price, StorageLotID, Added_on, Updated_On) VALUES (10198, 'PFT8KUE539MS8SNJ4', 'BMW', '3 Series', 2017, 69232.1, 113, '2024-11-22 12:11:15', '2024-11-22 12:11:15');
INSERT INTO Car (CarID, VIN, Make, Model, [Year], Price, StorageLotID, Added_on, Updated_On) VALUES (10199, '0SVELUQS27ZMKY5UU', 'Honda', 'Civic', 2020, 29703.77, 113, '2024-11-22 12:11:15', '2024-11-22 12:11:15');

SET IDENTITY_INSERT Car OFF;
GO

INSERT INTO New_Car (CarID, WarrantyPeriod) VALUES (10090, '3 years');
INSERT INTO New_Car (CarID, WarrantyPeriod) VALUES (10061, '3 years');
INSERT INTO New_Car (CarID, WarrantyPeriod) VALUES (10020, '10 years');
INSERT INTO New_Car (CarID, WarrantyPeriod) VALUES (10172, '10 years');
INSERT INTO New_Car (CarID, WarrantyPeriod) VALUES (10092, '1 year');
INSERT INTO New_Car (CarID, WarrantyPeriod) VALUES (10120, '6 years');
INSERT INTO New_Car (CarID, WarrantyPeriod) VALUES (10138, '7 years');
INSERT INTO New_Car (CarID, WarrantyPeriod) VALUES (10112, '4 years');
INSERT INTO New_Car (CarID, WarrantyPeriod) VALUES (10151, '4 years');
INSERT INTO New_Car (CarID, WarrantyPeriod) VALUES (10035, '9 years');
INSERT INTO New_Car (CarID, WarrantyPeriod) VALUES (10176, '2 years');
INSERT INTO New_Car (CarID, WarrantyPeriod) VALUES (10115, '8 years');
INSERT INTO New_Car (CarID, WarrantyPeriod) VALUES (10199, '1 year');
INSERT INTO New_Car (CarID, WarrantyPeriod) VALUES (10068, '7 years');
INSERT INTO New_Car (CarID, WarrantyPeriod) VALUES (10004, '2 years');
INSERT INTO New_Car (CarID, WarrantyPeriod) VALUES (10157, '8 years');
INSERT INTO New_Car (CarID, WarrantyPeriod) VALUES (10111, '4 years');
INSERT INTO New_Car (CarID, WarrantyPeriod) VALUES (10162, '7 years');
INSERT INTO New_Car (CarID, WarrantyPeriod) VALUES (10057, '3 years');
INSERT INTO New_Car (CarID, WarrantyPeriod) VALUES (10054, '7 years');
INSERT INTO New_Car (CarID, WarrantyPeriod) VALUES (10129, '5 years');
INSERT INTO New_Car (CarID, WarrantyPeriod) VALUES (10183, '8 years');
INSERT INTO New_Car (CarID, WarrantyPeriod) VALUES (10141, '7 years');
INSERT INTO New_Car (CarID, WarrantyPeriod) VALUES (10033, '6 years');
INSERT INTO New_Car (CarID, WarrantyPeriod) VALUES (10002, '3 years');
INSERT INTO New_Car (CarID, WarrantyPeriod) VALUES (10000, '4 years');
INSERT INTO New_Car (CarID, WarrantyPeriod) VALUES (10192, '10 years');
INSERT INTO New_Car (CarID, WarrantyPeriod) VALUES (10021, '7 years');
INSERT INTO New_Car (CarID, WarrantyPeriod) VALUES (10148, '8 years');
INSERT INTO New_Car (CarID, WarrantyPeriod) VALUES (10023, '5 years');
INSERT INTO New_Car (CarID, WarrantyPeriod) VALUES (10118, '8 years');
INSERT INTO New_Car (CarID, WarrantyPeriod) VALUES (10105, '3 years');
INSERT INTO New_Car (CarID, WarrantyPeriod) VALUES (10146, '8 years');
INSERT INTO New_Car (CarID, WarrantyPeriod) VALUES (10188, '3 years');
INSERT INTO New_Car (CarID, WarrantyPeriod) VALUES (10099, '8 years');
INSERT INTO New_Car (CarID, WarrantyPeriod) VALUES (10001, '8 years');
INSERT INTO New_Car (CarID, WarrantyPeriod) VALUES (10198, '9 years');
INSERT INTO New_Car (CarID, WarrantyPeriod) VALUES (10047, '10 years');
INSERT INTO New_Car (CarID, WarrantyPeriod) VALUES (10017, '2 years');
INSERT INTO New_Car (CarID, WarrantyPeriod) VALUES (10130, '5 years');
INSERT INTO New_Car (CarID, WarrantyPeriod) VALUES (10143, '4 years');
INSERT INTO New_Car (CarID, WarrantyPeriod) VALUES (10181, '10 years');
INSERT INTO New_Car (CarID, WarrantyPeriod) VALUES (10043, '5 years');
INSERT INTO New_Car (CarID, WarrantyPeriod) VALUES (10167, '1 year');
INSERT INTO New_Car (CarID, WarrantyPeriod) VALUES (10042, '8 years');
INSERT INTO New_Car (CarID, WarrantyPeriod) VALUES (10005, '3 years');
INSERT INTO New_Car (CarID, WarrantyPeriod) VALUES (10080, '10 years');
INSERT INTO New_Car (CarID, WarrantyPeriod) VALUES (10171, '9 years');
INSERT INTO New_Car (CarID, WarrantyPeriod) VALUES (10040, '4 years');
INSERT INTO New_Car (CarID, WarrantyPeriod) VALUES (10091, '7 years');
INSERT INTO New_Car (CarID, WarrantyPeriod) VALUES (10102, '3 years');
INSERT INTO New_Car (CarID, WarrantyPeriod) VALUES (10197, '10 years');
INSERT INTO New_Car (CarID, WarrantyPeriod) VALUES (10101, '6 years');
INSERT INTO New_Car (CarID, WarrantyPeriod) VALUES (10187, '10 years');
INSERT INTO New_Car (CarID, WarrantyPeriod) VALUES (10065, '3 years');
INSERT INTO New_Car (CarID, WarrantyPeriod) VALUES (10135, '2 years');
INSERT INTO New_Car (CarID, WarrantyPeriod) VALUES (10083, '1 year');
INSERT INTO New_Car (CarID, WarrantyPeriod) VALUES (10136, '4 years');
INSERT INTO New_Car (CarID, WarrantyPeriod) VALUES (10087, '5 years');
INSERT INTO New_Car (CarID, WarrantyPeriod) VALUES (10064, '8 years');
INSERT INTO New_Car (CarID, WarrantyPeriod) VALUES (10116, '7 years');
INSERT INTO New_Car (CarID, WarrantyPeriod) VALUES (10149, '10 years');
INSERT INTO New_Car (CarID, WarrantyPeriod) VALUES (10026, '5 years');
INSERT INTO New_Car (CarID, WarrantyPeriod) VALUES (10018, '4 years');
INSERT INTO New_Car (CarID, WarrantyPeriod) VALUES (10191, '8 years');
INSERT INTO New_Car (CarID, WarrantyPeriod) VALUES (10147, '2 years');
INSERT INTO New_Car (CarID, WarrantyPeriod) VALUES (10103, '8 years');
INSERT INTO New_Car (CarID, WarrantyPeriod) VALUES (10113, '4 years');
INSERT INTO New_Car (CarID, WarrantyPeriod) VALUES (10084, '4 years');
INSERT INTO New_Car (CarID, WarrantyPeriod) VALUES (10122, '5 years');
INSERT INTO New_Car (CarID, WarrantyPeriod) VALUES (10137, '10 years');
INSERT INTO New_Car (CarID, WarrantyPeriod) VALUES (10010, '6 years');
INSERT INTO New_Car (CarID, WarrantyPeriod) VALUES (10133, '1 year');
INSERT INTO New_Car (CarID, WarrantyPeriod) VALUES (10156, '5 years');
INSERT INTO New_Car (CarID, WarrantyPeriod) VALUES (10174, '4 years');
INSERT INTO New_Car (CarID, WarrantyPeriod) VALUES (10169, '2 years');
INSERT INTO New_Car (CarID, WarrantyPeriod) VALUES (10194, '3 years');
INSERT INTO New_Car (CarID, WarrantyPeriod) VALUES (10003, '1 year');
INSERT INTO New_Car (CarID, WarrantyPeriod) VALUES (10030, '5 years');
INSERT INTO New_Car (CarID, WarrantyPeriod) VALUES (10056, '8 years');
INSERT INTO New_Car (CarID, WarrantyPeriod) VALUES (10139, '1 year');
INSERT INTO New_Car (CarID, WarrantyPeriod) VALUES (10019, '5 years');
INSERT INTO New_Car (CarID, WarrantyPeriod) VALUES (10013, '7 years');
INSERT INTO New_Car (CarID, WarrantyPeriod) VALUES (10190, '4 years');
INSERT INTO New_Car (CarID, WarrantyPeriod) VALUES (10161, '6 years');
INSERT INTO New_Car (CarID, WarrantyPeriod) VALUES (10027, '5 years');
INSERT INTO New_Car (CarID, WarrantyPeriod) VALUES (10168, '7 years');
INSERT INTO New_Car (CarID, WarrantyPeriod) VALUES (10058, '5 years');
INSERT INTO New_Car (CarID, WarrantyPeriod) VALUES (10173, '7 years');
INSERT INTO New_Car (CarID, WarrantyPeriod) VALUES (10114, '2 years');
INSERT INTO New_Car (CarID, WarrantyPeriod) VALUES (10165, '4 years');
INSERT INTO New_Car (CarID, WarrantyPeriod) VALUES (10104, '4 years');
INSERT INTO New_Car (CarID, WarrantyPeriod) VALUES (10134, '6 years');
INSERT INTO New_Car (CarID, WarrantyPeriod) VALUES (10008, '3 years');
INSERT INTO New_Car (CarID, WarrantyPeriod) VALUES (10024, '5 years');
INSERT INTO New_Car (CarID, WarrantyPeriod) VALUES (10074, '2 years');
INSERT INTO New_Car (CarID, WarrantyPeriod) VALUES (10022, '10 years');
INSERT INTO New_Car (CarID, WarrantyPeriod) VALUES (10028, '4 years');
INSERT INTO New_Car (CarID, WarrantyPeriod) VALUES (10186, '3 years');
INSERT INTO New_Car (CarID, WarrantyPeriod) VALUES (10178, '4 years');
INSERT INTO New_Car (CarID, WarrantyPeriod) VALUES (10095, '1 year');
INSERT INTO New_Car (CarID, WarrantyPeriod) VALUES (10126, '9 years');
INSERT INTO New_Car (CarID, WarrantyPeriod) VALUES (10182, '10 years');
INSERT INTO New_Car (CarID, WarrantyPeriod) VALUES (10164, '6 years');
INSERT INTO New_Car (CarID, WarrantyPeriod) VALUES (10053, '3 years');
INSERT INTO New_Car (CarID, WarrantyPeriod) VALUES (10193, '1 year');
INSERT INTO New_Car (CarID, WarrantyPeriod) VALUES (10062, '7 years');
INSERT INTO New_Car (CarID, WarrantyPeriod) VALUES (10155, '10 years');
INSERT INTO New_Car (CarID, WarrantyPeriod) VALUES (10121, '1 year');
INSERT INTO New_Car (CarID, WarrantyPeriod) VALUES (10045, '1 year');
INSERT INTO New_Car (CarID, WarrantyPeriod) VALUES (10140, '7 years');
INSERT INTO New_Car (CarID, WarrantyPeriod) VALUES (10144, '5 years');
INSERT INTO New_Car (CarID, WarrantyPeriod) VALUES (10158, '6 years');
INSERT INTO New_Car (CarID, WarrantyPeriod) VALUES (10094, '5 years');
INSERT INTO New_Car (CarID, WarrantyPeriod) VALUES (10153, '7 years');
INSERT INTO New_Car (CarID, WarrantyPeriod) VALUES (10029, '9 years');
INSERT INTO New_Car (CarID, WarrantyPeriod) VALUES (10036, '2 years');
INSERT INTO New_Car (CarID, WarrantyPeriod) VALUES (10063, '1 year');
INSERT INTO New_Car (CarID, WarrantyPeriod) VALUES (10077, '8 years');
INSERT INTO New_Car (CarID, WarrantyPeriod) VALUES (10089, '2 years');
INSERT INTO New_Car (CarID, WarrantyPeriod) VALUES (10160, '2 years');
INSERT INTO New_Car (CarID, WarrantyPeriod) VALUES (10124, '6 years');
INSERT INTO New_Car (CarID, WarrantyPeriod) VALUES (10170, '4 years');
INSERT INTO New_Car (CarID, WarrantyPeriod) VALUES (10142, '6 years');
INSERT INTO New_Car (CarID, WarrantyPeriod) VALUES (10069, '6 years');
INSERT INTO New_Car (CarID, WarrantyPeriod) VALUES (10014, '9 years');
INSERT INTO New_Car (CarID, WarrantyPeriod) VALUES (10184, '7 years');
INSERT INTO New_Car (CarID, WarrantyPeriod) VALUES (10098, '1 year');
INSERT INTO New_Car (CarID, WarrantyPeriod) VALUES (10011, '9 years');
INSERT INTO New_Car (CarID, WarrantyPeriod) VALUES (10106, '10 years');
INSERT INTO New_Car (CarID, WarrantyPeriod) VALUES (10159, '10 years');
INSERT INTO New_Car (CarID, WarrantyPeriod) VALUES (10044, '9 years');
INSERT INTO New_Car (CarID, WarrantyPeriod) VALUES (10050, '5 years');
INSERT INTO New_Car (CarID, WarrantyPeriod) VALUES (10025, '10 years');
INSERT INTO New_Car (CarID, WarrantyPeriod) VALUES (10078, '9 years');
INSERT INTO New_Car (CarID, WarrantyPeriod) VALUES (10052, '3 years');
INSERT INTO New_Car (CarID, WarrantyPeriod) VALUES (10034, '10 years');
INSERT INTO New_Car (CarID, WarrantyPeriod) VALUES (10150, '7 years');
INSERT INTO New_Car (CarID, WarrantyPeriod) VALUES (10041, '10 years');
INSERT INTO New_Car (CarID, WarrantyPeriod) VALUES (10088, '9 years');
INSERT INTO New_Car (CarID, WarrantyPeriod) VALUES (10131, '8 years');
INSERT INTO New_Car (CarID, WarrantyPeriod) VALUES (10049, '1 year');
INSERT INTO New_Car (CarID, WarrantyPeriod) VALUES (10055, '1 year');
INSERT INTO New_Car (CarID, WarrantyPeriod) VALUES (10179, '1 year');
INSERT INTO New_Car (CarID, WarrantyPeriod) VALUES (10086, '8 years');
INSERT INTO New_Car (CarID, WarrantyPeriod) VALUES (10097, '7 years');
INSERT INTO New_Car (CarID, WarrantyPeriod) VALUES (10163, '2 years');
INSERT INTO New_Car (CarID, WarrantyPeriod) VALUES (10166, '1 year');
INSERT INTO New_Car (CarID, WarrantyPeriod) VALUES (10073, '5 years');
INSERT INTO New_Car (CarID, WarrantyPeriod) VALUES (10070, '7 years');



-- Insert statements for Used_Car
INSERT INTO Used_Car (CarID, Used_Duration) VALUES (10006, '4 years');
INSERT INTO Used_Car (CarID, Used_Duration) VALUES (10007, '3 years');
INSERT INTO Used_Car (CarID, Used_Duration) VALUES (10009, '7 years');
INSERT INTO Used_Car (CarID, Used_Duration) VALUES (10012, '9 years');
INSERT INTO Used_Car (CarID, Used_Duration) VALUES (10015, '1 years');
INSERT INTO Used_Car (CarID, Used_Duration) VALUES (10016, '8 years');
INSERT INTO Used_Car (CarID, Used_Duration) VALUES (10031, '2 years');
INSERT INTO Used_Car (CarID, Used_Duration) VALUES (10032, '7 years');
INSERT INTO Used_Car (CarID, Used_Duration) VALUES (10037, '8 years');
INSERT INTO Used_Car (CarID, Used_Duration) VALUES (10038, '9 years');
INSERT INTO Used_Car (CarID, Used_Duration) VALUES (10039, '1 years');
INSERT INTO Used_Car (CarID, Used_Duration) VALUES (10046, '2 years');
INSERT INTO Used_Car (CarID, Used_Duration) VALUES (10048, '7 years');
INSERT INTO Used_Car (CarID, Used_Duration) VALUES (10051, '1 years');
INSERT INTO Used_Car (CarID, Used_Duration) VALUES (10059, '8 years');
INSERT INTO Used_Car (CarID, Used_Duration) VALUES (10060, '4 years');
INSERT INTO Used_Car (CarID, Used_Duration) VALUES (10066, '4 years');
INSERT INTO Used_Car (CarID, Used_Duration) VALUES (10067, '5 years');
INSERT INTO Used_Car (CarID, Used_Duration) VALUES (10071, '8 years');
INSERT INTO Used_Car (CarID, Used_Duration) VALUES (10072, '4 years');
INSERT INTO Used_Car (CarID, Used_Duration) VALUES (10075, '4 years');
INSERT INTO Used_Car (CarID, Used_Duration) VALUES (10076, '8 years');
INSERT INTO Used_Car (CarID, Used_Duration) VALUES (10079, '8 years');
INSERT INTO Used_Car (CarID, Used_Duration) VALUES (10081, '4 years');
INSERT INTO Used_Car (CarID, Used_Duration) VALUES (10082, '3 years');
INSERT INTO Used_Car (CarID, Used_Duration) VALUES (10085, '7 years');
INSERT INTO Used_Car (CarID, Used_Duration) VALUES (10093, '3 years');
INSERT INTO Used_Car (CarID, Used_Duration) VALUES (10096, '7 years');
INSERT INTO Used_Car (CarID, Used_Duration) VALUES (10100, '4 years');
INSERT INTO Used_Car (CarID, Used_Duration) VALUES (10107, '6 years');
INSERT INTO Used_Car (CarID, Used_Duration) VALUES (10108, '2 years');
INSERT INTO Used_Car (CarID, Used_Duration) VALUES (10109, '4 years');
INSERT INTO Used_Car (CarID, Used_Duration) VALUES (10110, '1 years');
INSERT INTO Used_Car (CarID, Used_Duration) VALUES (10117, '7 years');
INSERT INTO Used_Car (CarID, Used_Duration) VALUES (10119, '6 years');
INSERT INTO Used_Car (CarID, Used_Duration) VALUES (10123, '5 years');
INSERT INTO Used_Car (CarID, Used_Duration) VALUES (10125, '2 years');
INSERT INTO Used_Car (CarID, Used_Duration) VALUES (10127, '1 years');
INSERT INTO Used_Car (CarID, Used_Duration) VALUES (10128, '5 years');
INSERT INTO Used_Car (CarID, Used_Duration) VALUES (10132, '3 years');
INSERT INTO Used_Car (CarID, Used_Duration) VALUES (10145, '5 years');
INSERT INTO Used_Car (CarID, Used_Duration) VALUES (10152, '6 years');
INSERT INTO Used_Car (CarID, Used_Duration) VALUES (10154, '6 years');
INSERT INTO Used_Car (CarID, Used_Duration) VALUES (10175, '4 years');
INSERT INTO Used_Car (CarID, Used_Duration) VALUES (10177, '7 years');
INSERT INTO Used_Car (CarID, Used_Duration) VALUES (10180, '4 years');
INSERT INTO Used_Car (CarID, Used_Duration) VALUES (10185, '7 years');
INSERT INTO Used_Car (CarID, Used_Duration) VALUES (10189, '5 years');
INSERT INTO Used_Car (CarID, Used_Duration) VALUES (10195, '5 years');
INSERT INTO Used_Car (CarID, Used_Duration) VALUES (10196, '5 years');




-- Insert statements for VehicleHistory
INSERT INTO VehicleHistory (PreviousOwners, DamageRecords, ServiceRecords, Mileage, CarID, Added_On, Updated_On) VALUES (4, 'Repainted', 'Battery replaced', 27795, 10006, '2024-11-22 12:26:18', '2024-11-22 12:26:18');
INSERT INTO VehicleHistory (PreviousOwners, DamageRecords, ServiceRecords, Mileage, CarID, Added_On, Updated_On) VALUES (1, 'Frame damage', 'Battery replaced', 106445, 10007, '2024-11-22 12:26:18', '2024-11-22 12:26:18');
INSERT INTO VehicleHistory (PreviousOwners, DamageRecords, ServiceRecords, Mileage, CarID, Added_On, Updated_On) VALUES (2, 'Frame damage', 'Oil change due', 131896, 10009, '2024-11-22 12:26:18', '2024-11-22 12:26:18');
INSERT INTO VehicleHistory (PreviousOwners, DamageRecords, ServiceRecords, Mileage, CarID, Added_On, Updated_On) VALUES (1, 'No significant damage', 'Battery replaced', 183722, 10012, '2024-11-22 12:26:18', '2024-11-22 12:26:18');
INSERT INTO VehicleHistory (PreviousOwners, DamageRecords, ServiceRecords, Mileage, CarID, Added_On, Updated_On) VALUES (5, 'Minor scratches', 'Brake pads replaced', 166948, 10015, '2024-11-22 12:26:18', '2024-11-22 12:26:18');
INSERT INTO VehicleHistory (PreviousOwners, DamageRecords, ServiceRecords, Mileage, CarID, Added_On, Updated_On) VALUES (4, 'None', 'Tire replacement needed', 121125, 10016, '2024-11-22 12:26:18', '2024-11-22 12:26:18');
INSERT INTO VehicleHistory (PreviousOwners, DamageRecords, ServiceRecords, Mileage, CarID, Added_On, Updated_On) VALUES (4, 'Repainted', 'Oil change due', 185953, 10031, '2024-11-22 12:26:18', '2024-11-22 12:26:18');
INSERT INTO VehicleHistory (PreviousOwners, DamageRecords, ServiceRecords, Mileage, CarID, Added_On, Updated_On) VALUES (0, 'Frame damage', 'Oil change due', 29835, 10032, '2024-11-22 12:26:18', '2024-11-22 12:26:18');
INSERT INTO VehicleHistory (PreviousOwners, DamageRecords, ServiceRecords, Mileage, CarID, Added_On, Updated_On) VALUES (1, 'Frame damage', 'Oil change due', 107576, 10037, '2024-11-22 12:26:18', '2024-11-22 12:26:18');
INSERT INTO VehicleHistory (PreviousOwners, DamageRecords, ServiceRecords, Mileage, CarID, Added_On, Updated_On) VALUES (2, 'Repainted', 'Tire replacement needed', 146235, 10038, '2024-11-22 12:26:18', '2024-11-22 12:26:18');
INSERT INTO VehicleHistory (PreviousOwners, DamageRecords, ServiceRecords, Mileage, CarID, Added_On, Updated_On) VALUES (0, 'No significant damage', 'Battery replaced', 25512, 10039, '2024-11-22 12:26:18', '2024-11-22 12:26:18');
INSERT INTO VehicleHistory (PreviousOwners, DamageRecords, ServiceRecords, Mileage, CarID, Added_On, Updated_On) VALUES (1, 'Frame damage', 'Up to Date', 196176, 10046, '2024-11-22 12:26:18', '2024-11-22 12:26:18');
INSERT INTO VehicleHistory (PreviousOwners, DamageRecords, ServiceRecords, Mileage, CarID, Added_On, Updated_On) VALUES (3, 'Repainted', 'Tire replacement needed', 150629, 10048, '2024-11-22 12:26:18', '2024-11-22 12:26:18');
INSERT INTO VehicleHistory (PreviousOwners, DamageRecords, ServiceRecords, Mileage, CarID, Added_On, Updated_On) VALUES (3, 'None', 'Up to Date', 129805, 10051, '2024-11-22 12:26:18', '2024-11-22 12:26:18');
INSERT INTO VehicleHistory (PreviousOwners, DamageRecords, ServiceRecords, Mileage, CarID, Added_On, Updated_On) VALUES (0, 'Frame damage', 'Battery replaced', 129435, 10059, '2024-11-22 12:26:18', '2024-11-22 12:26:18');
INSERT INTO VehicleHistory (PreviousOwners, DamageRecords, ServiceRecords, Mileage, CarID, Added_On, Updated_On) VALUES (4, 'Minor scratches', 'Battery replaced', 61883, 10060, '2024-11-22 12:26:18', '2024-11-22 12:26:18');
INSERT INTO VehicleHistory (PreviousOwners, DamageRecords, ServiceRecords, Mileage, CarID, Added_On, Updated_On) VALUES (4, 'Repainted', 'Oil change due', 126513, 10066, '2024-11-22 12:26:18', '2024-11-22 12:26:18');
INSERT INTO VehicleHistory (PreviousOwners, DamageRecords, ServiceRecords, Mileage, CarID, Added_On, Updated_On) VALUES (1, 'Frame damage', 'Brake pads replaced', 28999, 10067, '2024-11-22 12:26:18', '2024-11-22 12:26:18');
INSERT INTO VehicleHistory (PreviousOwners, DamageRecords, ServiceRecords, Mileage, CarID, Added_On, Updated_On) VALUES (0, 'Repainted', 'Oil change due', 24577, 10071, '2024-11-22 12:26:18', '2024-11-22 12:26:18');
INSERT INTO VehicleHistory (PreviousOwners, DamageRecords, ServiceRecords, Mileage, CarID, Added_On, Updated_On) VALUES (0, 'Frame damage', 'Battery replaced', 45382, 10072, '2024-11-22 12:26:18', '2024-11-22 12:26:18');
INSERT INTO VehicleHistory (PreviousOwners, DamageRecords, ServiceRecords, Mileage, CarID, Added_On, Updated_On) VALUES (2, 'Repainted', 'Battery replaced', 147176, 10075, '2024-11-22 12:26:18', '2024-11-22 12:26:18');
INSERT INTO VehicleHistory (PreviousOwners, DamageRecords, ServiceRecords, Mileage, CarID, Added_On, Updated_On) VALUES (3, 'Frame damage', 'Battery replaced', 120629, 10076, '2024-11-22 12:26:18', '2024-11-22 12:26:18');
INSERT INTO VehicleHistory (PreviousOwners, DamageRecords, ServiceRecords, Mileage, CarID, Added_On, Updated_On) VALUES (0, 'None', 'Up to Date', 59194, 10079, '2024-11-22 12:26:18', '2024-11-22 12:26:18');
INSERT INTO VehicleHistory (PreviousOwners, DamageRecords, ServiceRecords, Mileage, CarID, Added_On, Updated_On) VALUES (3, 'None', 'Battery replaced', 145896, 10081, '2024-11-22 12:26:18', '2024-11-22 12:26:18');
INSERT INTO VehicleHistory (PreviousOwners, DamageRecords, ServiceRecords, Mileage, CarID, Added_On, Updated_On) VALUES (1, 'No significant damage', 'Oil change due', 56593, 10082, '2024-11-22 12:26:18', '2024-11-22 12:26:18');
INSERT INTO VehicleHistory (PreviousOwners, DamageRecords, ServiceRecords, Mileage, CarID, Added_On, Updated_On) VALUES (4, 'None', 'Battery replaced', 139522, 10085, '2024-11-22 12:26:18', '2024-11-22 12:26:18');
INSERT INTO VehicleHistory (PreviousOwners, DamageRecords, ServiceRecords, Mileage, CarID, Added_On, Updated_On) VALUES (5, 'Minor scratches', 'Up to Date', 100826, 10093, '2024-11-22 12:26:18', '2024-11-22 12:26:18');
INSERT INTO VehicleHistory (PreviousOwners, DamageRecords, ServiceRecords, Mileage, CarID, Added_On, Updated_On) VALUES (5, 'Minor scratches', 'Up to Date', 34625, 10096, '2024-11-22 12:26:18', '2024-11-22 12:26:18');
INSERT INTO VehicleHistory (PreviousOwners, DamageRecords, ServiceRecords, Mileage, CarID, Added_On, Updated_On) VALUES (2, 'Minor scratches', 'Oil change due', 158637, 10100, '2024-11-22 12:26:18', '2024-11-22 12:26:18');
INSERT INTO VehicleHistory (PreviousOwners, DamageRecords, ServiceRecords, Mileage, CarID, Added_On, Updated_On) VALUES (0, 'No significant damage', 'Battery replaced', 129416, 10107, '2024-11-22 12:26:18', '2024-11-22 12:26:18');
INSERT INTO VehicleHistory (PreviousOwners, DamageRecords, ServiceRecords, Mileage, CarID, Added_On, Updated_On) VALUES (2, 'None', 'Tire replacement needed', 21468, 10108, '2024-11-22 12:26:18', '2024-11-22 12:26:18');
INSERT INTO VehicleHistory (PreviousOwners, DamageRecords, ServiceRecords, Mileage, CarID, Added_On, Updated_On) VALUES (5, 'No significant damage', 'Oil change due', 93893, 10109, '2024-11-22 12:26:18', '2024-11-22 12:26:18');
INSERT INTO VehicleHistory (PreviousOwners, DamageRecords, ServiceRecords, Mileage, CarID, Added_On, Updated_On) VALUES (1, 'No significant damage', 'Battery replaced', 104436, 10110, '2024-11-22 12:26:18', '2024-11-22 12:26:18');
INSERT INTO VehicleHistory (PreviousOwners, DamageRecords, ServiceRecords, Mileage, CarID, Added_On, Updated_On) VALUES (0, 'Frame damage', 'Oil change due', 65738, 10117, '2024-11-22 12:26:18', '2024-11-22 12:26:18');
INSERT INTO VehicleHistory (PreviousOwners, DamageRecords, ServiceRecords, Mileage, CarID, Added_On, Updated_On) VALUES (3, 'No significant damage', 'Tire replacement needed', 147409, 10119, '2024-11-22 12:26:18', '2024-11-22 12:26:18');
INSERT INTO VehicleHistory (PreviousOwners, DamageRecords, ServiceRecords, Mileage, CarID, Added_On, Updated_On) VALUES (1, 'None', 'Oil change due', 109436, 10123, '2024-11-22 12:26:18', '2024-11-22 12:26:18');
INSERT INTO VehicleHistory (PreviousOwners, DamageRecords, ServiceRecords, Mileage, CarID, Added_On, Updated_On) VALUES (5, 'No significant damage', 'Oil change due', 143493, 10125, '2024-11-22 12:26:18', '2024-11-22 12:26:18');
INSERT INTO VehicleHistory (PreviousOwners, DamageRecords, ServiceRecords, Mileage, CarID, Added_On, Updated_On) VALUES (2, 'Minor scratches', 'Up to Date', 179157, 10127, '2024-11-22 12:26:18', '2024-11-22 12:26:18');
INSERT INTO VehicleHistory (PreviousOwners, DamageRecords, ServiceRecords, Mileage, CarID, Added_On, Updated_On) VALUES (2, 'None', 'Tire replacement needed', 118576, 10128, '2024-11-22 12:26:18', '2024-11-22 12:26:18');
INSERT INTO VehicleHistory (PreviousOwners, DamageRecords, ServiceRecords, Mileage, CarID, Added_On, Updated_On) VALUES (3, 'Frame damage', 'Brake pads replaced', 168544, 10132, '2024-11-22 12:26:18', '2024-11-22 12:26:18');
INSERT INTO VehicleHistory (PreviousOwners, DamageRecords, ServiceRecords, Mileage, CarID, Added_On, Updated_On) VALUES (5, 'Minor scratches', 'Brake pads replaced', 160820, 10145, '2024-11-22 12:26:18', '2024-11-22 12:26:18');
INSERT INTO VehicleHistory (PreviousOwners, DamageRecords, ServiceRecords, Mileage, CarID, Added_On, Updated_On) VALUES (0, 'None', 'Oil change due', 117452, 10152, '2024-11-22 12:26:18', '2024-11-22 12:26:18');
INSERT INTO VehicleHistory (PreviousOwners, DamageRecords, ServiceRecords, Mileage, CarID, Added_On, Updated_On) VALUES (3, 'Repainted', 'Battery replaced', 134515, 10154, '2024-11-22 12:26:18', '2024-11-22 12:26:18');
INSERT INTO VehicleHistory (PreviousOwners, DamageRecords, ServiceRecords, Mileage, CarID, Added_On, Updated_On) VALUES (3, 'No significant damage', 'Battery replaced', 151585, 10175, '2024-11-22 12:26:18', '2024-11-22 12:26:18');
INSERT INTO VehicleHistory (PreviousOwners, DamageRecords, ServiceRecords, Mileage, CarID, Added_On, Updated_On) VALUES (5, 'None', 'Oil change due', 93157, 10177, '2024-11-22 12:26:18', '2024-11-22 12:26:18');
INSERT INTO VehicleHistory (PreviousOwners, DamageRecords, ServiceRecords, Mileage, CarID, Added_On, Updated_On) VALUES (5, 'None', 'Tire replacement needed', 127546, 10180, '2024-11-22 12:26:18', '2024-11-22 12:26:18');
INSERT INTO VehicleHistory (PreviousOwners, DamageRecords, ServiceRecords, Mileage, CarID, Added_On, Updated_On) VALUES (4, 'None', 'Brake pads replaced', 26993, 10185, '2024-11-22 12:26:18', '2024-11-22 12:26:18');
INSERT INTO VehicleHistory (PreviousOwners, DamageRecords, ServiceRecords, Mileage, CarID, Added_On, Updated_On) VALUES (0, 'None', 'Up to Date', 16981, 10189, '2024-11-22 12:26:18', '2024-11-22 12:26:18');
INSERT INTO VehicleHistory (PreviousOwners, DamageRecords, ServiceRecords, Mileage, CarID, Added_On, Updated_On) VALUES (2, 'No significant damage', 'Up to Date', 69946, 10195, '2024-11-22 12:26:18', '2024-11-22 12:26:18');
INSERT INTO VehicleHistory (PreviousOwners, DamageRecords, ServiceRecords, Mileage, CarID, Added_On, Updated_On) VALUES (4, 'Frame damage', 'Battery replaced', 155026, 10196, '2024-11-22 12:26:18', '2024-11-22 12:26:18');



-- Insert statements for SalesPerson
INSERT INTO SalesPerson (UserID, HireDate, Salary) VALUES (100000, '2019-09-11', 88720);
INSERT INTO SalesPerson (UserID, HireDate, Salary) VALUES (100001, '2015-04-28', 95655);
INSERT INTO SalesPerson (UserID, HireDate, Salary) VALUES (100002, '2019-10-03', 53945);
INSERT INTO SalesPerson (UserID, HireDate, Salary) VALUES (100003, '2017-09-13', 100713);
INSERT INTO SalesPerson (UserID, HireDate, Salary) VALUES (100004, '2021-12-09', 82602);
INSERT INTO SalesPerson (UserID, HireDate, Salary) VALUES (100005, '2019-04-01', 62553);
INSERT INTO SalesPerson (UserID, HireDate, Salary) VALUES (100006, '2021-10-25', 45419);
INSERT INTO SalesPerson (UserID, HireDate, Salary) VALUES (100007, '2020-01-06', 85413);
INSERT INTO SalesPerson (UserID, HireDate, Salary) VALUES (100008, '2015-12-04', 58235);
INSERT INTO SalesPerson (UserID, HireDate, Salary) VALUES (100009, '2016-07-28', 99466);
INSERT INTO SalesPerson (UserID, HireDate, Salary) VALUES (100010, '2018-07-30', 89630);
INSERT INTO SalesPerson (UserID, HireDate, Salary) VALUES (100011, '2019-03-29', 44685);
INSERT INTO SalesPerson (UserID, HireDate, Salary) VALUES (100012, '2021-11-13', 81224);
INSERT INTO SalesPerson (UserID, HireDate, Salary) VALUES (100013, '2016-12-15', 60812);
INSERT INTO SalesPerson (UserID, HireDate, Salary) VALUES (100014, '2022-10-11', 45790);
INSERT INTO SalesPerson (UserID, HireDate, Salary) VALUES (100015, '2023-04-21', 105179);
INSERT INTO SalesPerson (UserID, HireDate, Salary) VALUES (100016, '2022-06-07', 48429);
INSERT INTO SalesPerson (UserID, HireDate, Salary) VALUES (100017, '2020-05-10', 98567);
INSERT INTO SalesPerson (UserID, HireDate, Salary) VALUES (100018, '2021-12-21', 88282);
INSERT INTO SalesPerson (UserID, HireDate, Salary) VALUES (100019, '2024-07-06', 97224);


-- Insert statements for Customer
INSERT INTO Customer (UserID) VALUES (100020);
INSERT INTO Customer (UserID) VALUES (100021);
INSERT INTO Customer (UserID) VALUES (100022);
INSERT INTO Customer (UserID) VALUES (100023);
INSERT INTO Customer (UserID) VALUES (100024);
INSERT INTO Customer (UserID) VALUES (100025);
INSERT INTO Customer (UserID) VALUES (100026);
INSERT INTO Customer (UserID) VALUES (100027);
INSERT INTO Customer (UserID) VALUES (100028);
INSERT INTO Customer (UserID) VALUES (100029);
INSERT INTO Customer (UserID) VALUES (100030);
INSERT INTO Customer (UserID) VALUES (100031);
INSERT INTO Customer (UserID) VALUES (100032);
INSERT INTO Customer (UserID) VALUES (100033);
INSERT INTO Customer (UserID) VALUES (100034);
INSERT INTO Customer (UserID) VALUES (100035);
INSERT INTO Customer (UserID) VALUES (100036);
INSERT INTO Customer (UserID) VALUES (100037);
INSERT INTO Customer (UserID) VALUES (100038);
INSERT INTO Customer (UserID) VALUES (100039);
INSERT INTO Customer (UserID) VALUES (100040);
INSERT INTO Customer (UserID) VALUES (100041);
INSERT INTO Customer (UserID) VALUES (100042);
INSERT INTO Customer (UserID) VALUES (100043);
INSERT INTO Customer (UserID) VALUES (100044);
INSERT INTO Customer (UserID) VALUES (100045);
INSERT INTO Customer (UserID) VALUES (100046);
INSERT INTO Customer (UserID) VALUES (100047);
INSERT INTO Customer (UserID) VALUES (100048);
INSERT INTO Customer (UserID) VALUES (100049);
INSERT INTO Customer (UserID) VALUES (100050);
INSERT INTO Customer (UserID) VALUES (100051);
INSERT INTO Customer (UserID) VALUES (100052);
INSERT INTO Customer (UserID) VALUES (100053);
INSERT INTO Customer (UserID) VALUES (100054);
INSERT INTO Customer (UserID) VALUES (100055);
INSERT INTO Customer (UserID) VALUES (100056);
INSERT INTO Customer (UserID) VALUES (100057);
INSERT INTO Customer (UserID) VALUES (100058);
INSERT INTO Customer (UserID) VALUES (100059);
INSERT INTO Customer (UserID) VALUES (100060);
INSERT INTO Customer (UserID) VALUES (100061);
INSERT INTO Customer (UserID) VALUES (100062);
INSERT INTO Customer (UserID) VALUES (100063);
INSERT INTO Customer (UserID) VALUES (100064);
INSERT INTO Customer (UserID) VALUES (100065);
INSERT INTO Customer (UserID) VALUES (100066);
INSERT INTO Customer (UserID) VALUES (100067);
INSERT INTO Customer (UserID) VALUES (100068);
INSERT INTO Customer (UserID) VALUES (100069);
INSERT INTO Customer (UserID) VALUES (100070);
INSERT INTO Customer (UserID) VALUES (100071);
INSERT INTO Customer (UserID) VALUES (100072);
INSERT INTO Customer (UserID) VALUES (100073);
INSERT INTO Customer (UserID) VALUES (100074);
INSERT INTO Customer (UserID) VALUES (100075);
INSERT INTO Customer (UserID) VALUES (100076);
INSERT INTO Customer (UserID) VALUES (100077);
INSERT INTO Customer (UserID) VALUES (100078);
INSERT INTO Customer (UserID) VALUES (100079);
INSERT INTO Customer (UserID) VALUES (100080);
INSERT INTO Customer (UserID) VALUES (100081);
INSERT INTO Customer (UserID) VALUES (100082);
INSERT INTO Customer (UserID) VALUES (100083);
INSERT INTO Customer (UserID) VALUES (100084);
INSERT INTO Customer (UserID) VALUES (100085);
INSERT INTO Customer (UserID) VALUES (100086);
INSERT INTO Customer (UserID) VALUES (100087);
INSERT INTO Customer (UserID) VALUES (100088);
INSERT INTO Customer (UserID) VALUES (100089);
INSERT INTO Customer (UserID) VALUES (100090);
INSERT INTO Customer (UserID) VALUES (100091);
INSERT INTO Customer (UserID) VALUES (100092);
INSERT INTO Customer (UserID) VALUES (100093);
INSERT INTO Customer (UserID) VALUES (100094);
INSERT INTO Customer (UserID) VALUES (100095);
INSERT INTO Customer (UserID) VALUES (100096);
INSERT INTO Customer (UserID) VALUES (100097);
INSERT INTO Customer (UserID) VALUES (100098);
INSERT INTO Customer (UserID) VALUES (100099);
INSERT INTO Customer (UserID) VALUES (100100);
INSERT INTO Customer (UserID) VALUES (100101);
INSERT INTO Customer (UserID) VALUES (100102);
INSERT INTO Customer (UserID) VALUES (100103);
INSERT INTO Customer (UserID) VALUES (100104);
INSERT INTO Customer (UserID) VALUES (100105);
INSERT INTO Customer (UserID) VALUES (100106);
INSERT INTO Customer (UserID) VALUES (100107);
INSERT INTO Customer (UserID) VALUES (100108);
INSERT INTO Customer (UserID) VALUES (100109);
INSERT INTO Customer (UserID) VALUES (100110);
INSERT INTO Customer (UserID) VALUES (100111);
INSERT INTO Customer (UserID) VALUES (100112);
INSERT INTO Customer (UserID) VALUES (100113);
INSERT INTO Customer (UserID) VALUES (100114);
INSERT INTO Customer (UserID) VALUES (100115);
INSERT INTO Customer (UserID) VALUES (100116);
INSERT INTO Customer (UserID) VALUES (100117);
INSERT INTO Customer (UserID) VALUES (100118);
INSERT INTO Customer (UserID) VALUES (100119);
INSERT INTO Customer (UserID) VALUES (100120);
INSERT INTO Customer (UserID) VALUES (100121);
INSERT INTO Customer (UserID) VALUES (100122);
INSERT INTO Customer (UserID) VALUES (100123);
INSERT INTO Customer (UserID) VALUES (100124);
INSERT INTO Customer (UserID) VALUES (100125);
INSERT INTO Customer (UserID) VALUES (100126);
INSERT INTO Customer (UserID) VALUES (100127);
INSERT INTO Customer (UserID) VALUES (100128);
INSERT INTO Customer (UserID) VALUES (100129);
INSERT INTO Customer (UserID) VALUES (100130);
INSERT INTO Customer (UserID) VALUES (100131);
INSERT INTO Customer (UserID) VALUES (100132);
INSERT INTO Customer (UserID) VALUES (100133);
INSERT INTO Customer (UserID) VALUES (100134);
INSERT INTO Customer (UserID) VALUES (100135);
INSERT INTO Customer (UserID) VALUES (100136);
INSERT INTO Customer (UserID) VALUES (100137);
INSERT INTO Customer (UserID) VALUES (100138);
INSERT INTO Customer (UserID) VALUES (100139);
INSERT INTO Customer (UserID) VALUES (100140);
INSERT INTO Customer (UserID) VALUES (100141);
INSERT INTO Customer (UserID) VALUES (100142);
INSERT INTO Customer (UserID) VALUES (100143);
INSERT INTO Customer (UserID) VALUES (100144);
INSERT INTO Customer (UserID) VALUES (100145);
INSERT INTO Customer (UserID) VALUES (100146);
INSERT INTO Customer (UserID) VALUES (100147);
INSERT INTO Customer (UserID) VALUES (100148);
INSERT INTO Customer (UserID) VALUES (100149);
INSERT INTO Customer (UserID) VALUES (100150);
INSERT INTO Customer (UserID) VALUES (100151);
INSERT INTO Customer (UserID) VALUES (100152);
INSERT INTO Customer (UserID) VALUES (100153);
INSERT INTO Customer (UserID) VALUES (100154);
INSERT INTO Customer (UserID) VALUES (100155);
INSERT INTO Customer (UserID) VALUES (100156);
INSERT INTO Customer (UserID) VALUES (100157);
INSERT INTO Customer (UserID) VALUES (100158);
INSERT INTO Customer (UserID) VALUES (100159);
INSERT INTO Customer (UserID) VALUES (100160);
INSERT INTO Customer (UserID) VALUES (100161);
INSERT INTO Customer (UserID) VALUES (100162);
INSERT INTO Customer (UserID) VALUES (100163);
INSERT INTO Customer (UserID) VALUES (100164);
INSERT INTO Customer (UserID) VALUES (100165);
INSERT INTO Customer (UserID) VALUES (100166);
INSERT INTO Customer (UserID) VALUES (100167);
INSERT INTO Customer (UserID) VALUES (100168);
INSERT INTO Customer (UserID) VALUES (100169);
INSERT INTO Customer (UserID) VALUES (100170);
INSERT INTO Customer (UserID) VALUES (100171);
INSERT INTO Customer (UserID) VALUES (100172);
INSERT INTO Customer (UserID) VALUES (100173);
INSERT INTO Customer (UserID) VALUES (100174);
INSERT INTO Customer (UserID) VALUES (100175);
INSERT INTO Customer (UserID) VALUES (100176);
INSERT INTO Customer (UserID) VALUES (100177);
INSERT INTO Customer (UserID) VALUES (100178);
INSERT INTO Customer (UserID) VALUES (100179);
INSERT INTO Customer (UserID) VALUES (100180);
INSERT INTO Customer (UserID) VALUES (100181);
INSERT INTO Customer (UserID) VALUES (100182);
INSERT INTO Customer (UserID) VALUES (100183);
INSERT INTO Customer (UserID) VALUES (100184);
INSERT INTO Customer (UserID) VALUES (100185);
INSERT INTO Customer (UserID) VALUES (100186);
INSERT INTO Customer (UserID) VALUES (100187);
INSERT INTO Customer (UserID) VALUES (100188);
INSERT INTO Customer (UserID) VALUES (100189);
INSERT INTO Customer (UserID) VALUES (100190);
INSERT INTO Customer (UserID) VALUES (100191);
INSERT INTO Customer (UserID) VALUES (100192);
INSERT INTO Customer (UserID) VALUES (100193);
INSERT INTO Customer (UserID) VALUES (100194);
INSERT INTO Customer (UserID) VALUES (100195);
INSERT INTO Customer (UserID) VALUES (100196);
INSERT INTO Customer (UserID) VALUES (100197);
INSERT INTO Customer (UserID) VALUES (100198);
INSERT INTO Customer (UserID) VALUES (100199);
INSERT INTO Customer (UserID) VALUES (100200);
INSERT INTO Customer (UserID) VALUES (100201);
INSERT INTO Customer (UserID) VALUES (100202);
INSERT INTO Customer (UserID) VALUES (100203);
INSERT INTO Customer (UserID) VALUES (100204);
INSERT INTO Customer (UserID) VALUES (100205);
INSERT INTO Customer (UserID) VALUES (100206);
INSERT INTO Customer (UserID) VALUES (100207);
INSERT INTO Customer (UserID) VALUES (100208);
INSERT INTO Customer (UserID) VALUES (100209);
INSERT INTO Customer (UserID) VALUES (100210);
INSERT INTO Customer (UserID) VALUES (100211);
INSERT INTO Customer (UserID) VALUES (100212);
INSERT INTO Customer (UserID) VALUES (100213);
INSERT INTO Customer (UserID) VALUES (100214);
INSERT INTO Customer (UserID) VALUES (100215);
INSERT INTO Customer (UserID) VALUES (100216);
INSERT INTO Customer (UserID) VALUES (100217);
INSERT INTO Customer (UserID) VALUES (100218);
INSERT INTO Customer (UserID) VALUES (100219);



INSERT INTO Feedback (CustomerID, Rating, Comments, Date) VALUES (100020, 3, 'Average experience, could be better.', '2024-04-13');
INSERT INTO Feedback (CustomerID, Rating, Comments, Date) VALUES (100021, 5, 'Excellent service, highly recommend!', '2024-02-08');
INSERT INTO Feedback (CustomerID, Rating, Comments, Date) VALUES (100022, 5, 'Excellent service, highly recommend!', '2023-10-13');
INSERT INTO Feedback (CustomerID, Rating, Comments, Date) VALUES (100023, 5, 'Excellent service, highly recommend!', '2023-03-26');
INSERT INTO Feedback (CustomerID, Rating, Comments, Date) VALUES (100024, 1, 'Very disappointed with the service.', '2024-10-16');
INSERT INTO Feedback (CustomerID, Rating, Comments, Date) VALUES (100025, 4, 'Good service, I am happy.', '2024-09-09');
INSERT INTO Feedback (CustomerID, Rating, Comments, Date) VALUES (100026, 5, 'Excellent service, highly recommend!', '2024-02-15');
INSERT INTO Feedback (CustomerID, Rating, Comments, Date) VALUES (100027, 4, 'Good service, I am happy.', '2024-07-04');
INSERT INTO Feedback (CustomerID, Rating, Comments, Date) VALUES (100028, 4, 'Good service, I am happy.', '2022-12-06');
INSERT INTO Feedback (CustomerID, Rating, Comments, Date) VALUES (100029, 2, 'Not satisfied, there is room for improvement.', '2023-05-07');
INSERT INTO Feedback (CustomerID, Rating, Comments, Date) VALUES (100030, 2, 'Not satisfied, there is room for improvement.', '2024-04-09');
INSERT INTO Feedback (CustomerID, Rating, Comments, Date) VALUES (100031, 1, 'Very disappointed with the service.', '2022-11-25');
INSERT INTO Feedback (CustomerID, Rating, Comments, Date) VALUES (100032, 1, 'Very disappointed with the service.', '2024-03-31');
INSERT INTO Feedback (CustomerID, Rating, Comments, Date) VALUES (100033, 3, 'Average experience, could be better.', '2024-04-07');
INSERT INTO Feedback (CustomerID, Rating, Comments, Date) VALUES (100034, 3, 'Average experience, could be better.', '2023-10-29');
INSERT INTO Feedback (CustomerID, Rating, Comments, Date) VALUES (100035, 3, 'Average experience, could be better.', '2023-07-27');
INSERT INTO Feedback (CustomerID, Rating, Comments, Date) VALUES (100036, 4, 'Good service, I am happy.', '2024-02-04');
INSERT INTO Feedback (CustomerID, Rating, Comments, Date) VALUES (100037, 4, 'Good service, I am happy.', '2024-06-22');
INSERT INTO Feedback (CustomerID, Rating, Comments, Date) VALUES (100038, 5, 'Excellent service, highly recommend!', '2023-11-05');
INSERT INTO Feedback (CustomerID, Rating, Comments, Date) VALUES (100039, 5, 'Excellent service, highly recommend!', '2023-10-18');
INSERT INTO Feedback (CustomerID, Rating, Comments, Date) VALUES (100040, 5, 'Excellent service, highly recommend!', '2023-11-14');
INSERT INTO Feedback (CustomerID, Rating, Comments, Date) VALUES (100041, 1, 'Very disappointed with the service.', '2024-05-19');
INSERT INTO Feedback (CustomerID, Rating, Comments, Date) VALUES (100042, 3, 'Average experience, could be better.', '2023-03-01');
INSERT INTO Feedback (CustomerID, Rating, Comments, Date) VALUES (100043, 1, 'Very disappointed with the service.', '2023-04-04');
INSERT INTO Feedback (CustomerID, Rating, Comments, Date) VALUES (100044, 2, 'Not satisfied, there is room for improvement.', '2023-07-18');
INSERT INTO Feedback (CustomerID, Rating, Comments, Date) VALUES (100045, 1, 'Very disappointed with the service.', '2022-12-16');
INSERT INTO Feedback (CustomerID, Rating, Comments, Date) VALUES (100046, 4, 'Good service, I am happy.', '2024-05-02');
INSERT INTO Feedback (CustomerID, Rating, Comments, Date) VALUES (100047, 4, 'Good service, I am happy.', '2024-03-20');
INSERT INTO Feedback (CustomerID, Rating, Comments, Date) VALUES (100048, 2, 'Not satisfied, there is room for improvement.', '2024-06-27');
INSERT INTO Feedback (CustomerID, Rating, Comments, Date) VALUES (100049, 4, 'Good service, I am happy.', '2024-01-03');
INSERT INTO Feedback (CustomerID, Rating, Comments, Date) VALUES (100050, 5, 'Excellent service, highly recommend!', '2023-06-18');
INSERT INTO Feedback (CustomerID, Rating, Comments, Date) VALUES (100051, 2, 'Not satisfied, there is room for improvement.', '2022-12-18');
INSERT INTO Feedback (CustomerID, Rating, Comments, Date) VALUES (100052, 3, 'Average experience, could be better.', '2024-05-30');
INSERT INTO Feedback (CustomerID, Rating, Comments, Date) VALUES (100053, 3, 'Average experience, could be better.', '2023-05-21');
INSERT INTO Feedback (CustomerID, Rating, Comments, Date) VALUES (100054, 4, 'Good service, I am happy.', '2023-05-22');
INSERT INTO Feedback (CustomerID, Rating, Comments, Date) VALUES (100055, 1, 'Very disappointed with the service.', '2024-04-17');
INSERT INTO Feedback (CustomerID, Rating, Comments, Date) VALUES (100056, 1, 'Very disappointed with the service.', '2024-03-13');
INSERT INTO Feedback (CustomerID, Rating, Comments, Date) VALUES (100057, 4, 'Good service, I am happy.', '2022-12-20');
INSERT INTO Feedback (CustomerID, Rating, Comments, Date) VALUES (100058, 3, 'Average experience, could be better.', '2024-02-24');
INSERT INTO Feedback (CustomerID, Rating, Comments, Date) VALUES (100059, 5, 'Excellent service, highly recommend!', '2024-06-16');
INSERT INTO Feedback (CustomerID, Rating, Comments, Date) VALUES (100060, 5, 'Excellent service, highly recommend!', '2023-06-26');
INSERT INTO Feedback (CustomerID, Rating, Comments, Date) VALUES (100061, 1, 'Very disappointed with the service.', '2023-10-19');
INSERT INTO Feedback (CustomerID, Rating, Comments, Date) VALUES (100062, 1, 'Very disappointed with the service.', '2024-04-21');
INSERT INTO Feedback (CustomerID, Rating, Comments, Date) VALUES (100063, 1, 'Very disappointed with the service.', '2024-08-19');
INSERT INTO Feedback (CustomerID, Rating, Comments, Date) VALUES (100064, 2, 'Not satisfied, there is room for improvement.', '2023-11-06');
INSERT INTO Feedback (CustomerID, Rating, Comments, Date) VALUES (100065, 1, 'Very disappointed with the service.', '2024-02-03');
INSERT INTO Feedback (CustomerID, Rating, Comments, Date) VALUES (100066, 3, 'Average experience, could be better.', '2023-02-09');
INSERT INTO Feedback (CustomerID, Rating, Comments, Date) VALUES (100067, 4, 'Good service, I am happy.', '2023-09-24');
INSERT INTO Feedback (CustomerID, Rating, Comments, Date) VALUES (100068, 2, 'Not satisfied, there is room for improvement.', '2024-05-08');
INSERT INTO Feedback (CustomerID, Rating, Comments, Date) VALUES (100069, 1, 'Very disappointed with the service.', '2023-07-08');
INSERT INTO Feedback (CustomerID, Rating, Comments, Date) VALUES (100070, 4, 'Good service, I am happy.', '2023-11-05');
INSERT INTO Feedback (CustomerID, Rating, Comments, Date) VALUES (100071, 1, 'Very disappointed with the service.', '2024-08-15');
INSERT INTO Feedback (CustomerID, Rating, Comments, Date) VALUES (100072, 2, 'Not satisfied, there is room for improvement.', '2024-04-24');
INSERT INTO Feedback (CustomerID, Rating, Comments, Date) VALUES (100073, 5, 'Excellent service, highly recommend!', '2024-01-10');
INSERT INTO Feedback (CustomerID, Rating, Comments, Date) VALUES (100074, 5, 'Excellent service, highly recommend!', '2024-03-02');
INSERT INTO Feedback (CustomerID, Rating, Comments, Date) VALUES (100075, 3, 'Average experience, could be better.', '2023-08-19');
INSERT INTO Feedback (CustomerID, Rating, Comments, Date) VALUES (100076, 1, 'Very disappointed with the service.', '2024-10-21');
INSERT INTO Feedback (CustomerID, Rating, Comments, Date) VALUES (100077, 3, 'Average experience, could be better.', '2024-11-12');
INSERT INTO Feedback (CustomerID, Rating, Comments, Date) VALUES (100078, 5, 'Excellent service, highly recommend!', '2024-10-01');
INSERT INTO Feedback (CustomerID, Rating, Comments, Date) VALUES (100079, 1, 'Very disappointed with the service.', '2023-03-14');
INSERT INTO Feedback (CustomerID, Rating, Comments, Date) VALUES (100080, 3, 'Average experience, could be better.', '2023-09-22');
INSERT INTO Feedback (CustomerID, Rating, Comments, Date) VALUES (100081, 4, 'Good service, I am happy.', '2024-11-11');
INSERT INTO Feedback (CustomerID, Rating, Comments, Date) VALUES (100082, 1, 'Very disappointed with the service.', '2024-07-25');
INSERT INTO Feedback (CustomerID, Rating, Comments, Date) VALUES (100083, 3, 'Average experience, could be better.', '2022-12-13');
INSERT INTO Feedback (CustomerID, Rating, Comments, Date) VALUES (100084, 5, 'Excellent service, highly recommend!', '2023-03-10');
INSERT INTO Feedback (CustomerID, Rating, Comments, Date) VALUES (100085, 4, 'Good service, I am happy.', '2024-03-28');
INSERT INTO Feedback (CustomerID, Rating, Comments, Date) VALUES (100086, 1, 'Very disappointed with the service.', '2024-05-31');
INSERT INTO Feedback (CustomerID, Rating, Comments, Date) VALUES (100087, 4, 'Good service, I am happy.', '2023-10-25');
INSERT INTO Feedback (CustomerID, Rating, Comments, Date) VALUES (100088, 1, 'Very disappointed with the service.', '2024-05-12');
INSERT INTO Feedback (CustomerID, Rating, Comments, Date) VALUES (100089, 2, 'Not satisfied, there is room for improvement.', '2022-11-29');
INSERT INTO Feedback (CustomerID, Rating, Comments, Date) VALUES (100090, 4, 'Good service, I am happy.', '2024-04-29');
INSERT INTO Feedback (CustomerID, Rating, Comments, Date) VALUES (100091, 2, 'Not satisfied, there is room for improvement.', '2023-12-26');
INSERT INTO Feedback (CustomerID, Rating, Comments, Date) VALUES (100092, 4, 'Good service, I am happy.', '2022-11-29');
INSERT INTO Feedback (CustomerID, Rating, Comments, Date) VALUES (100093, 2, 'Not satisfied, there is room for improvement.', '2023-09-30');
INSERT INTO Feedback (CustomerID, Rating, Comments, Date) VALUES (100094, 3, 'Average experience, could be better.', '2023-05-19');
INSERT INTO Feedback (CustomerID, Rating, Comments, Date) VALUES (100095, 2, 'Not satisfied, there is room for improvement.', '2023-06-03');
INSERT INTO Feedback (CustomerID, Rating, Comments, Date) VALUES (100096, 1, 'Very disappointed with the service.', '2022-12-07');
INSERT INTO Feedback (CustomerID, Rating, Comments, Date) VALUES (100097, 5, 'Excellent service, highly recommend!', '2024-05-04');
INSERT INTO Feedback (CustomerID, Rating, Comments, Date) VALUES (100098, 3, 'Average experience, could be better.', '2024-01-02');
INSERT INTO Feedback (CustomerID, Rating, Comments, Date) VALUES (100099, 2, 'Not satisfied, there is room for improvement.', '2023-09-06');
INSERT INTO Feedback (CustomerID, Rating, Comments, Date) VALUES (100100, 1, 'Very disappointed with the service.', '2024-06-10');
INSERT INTO Feedback (CustomerID, Rating, Comments, Date) VALUES (100101, 4, 'Good service, I am happy.', '2023-10-03');
INSERT INTO Feedback (CustomerID, Rating, Comments, Date) VALUES (100102, 3, 'Average experience, could be better.', '2024-05-27');
INSERT INTO Feedback (CustomerID, Rating, Comments, Date) VALUES (100103, 4, 'Good service, I am happy.', '2023-07-09');
INSERT INTO Feedback (CustomerID, Rating, Comments, Date) VALUES (100104, 3, 'Average experience, could be better.', '2023-12-21');
INSERT INTO Feedback (CustomerID, Rating, Comments, Date) VALUES (100105, 1, 'Very disappointed with the service.', '2024-08-19');
INSERT INTO Feedback (CustomerID, Rating, Comments, Date) VALUES (100106, 1, 'Very disappointed with the service.', '2023-08-01');
INSERT INTO Feedback (CustomerID, Rating, Comments, Date) VALUES (100107, 2, 'Not satisfied, there is room for improvement.', '2023-04-26');
INSERT INTO Feedback (CustomerID, Rating, Comments, Date) VALUES (100108, 3, 'Average experience, could be better.', '2023-03-13');
INSERT INTO Feedback (CustomerID, Rating, Comments, Date) VALUES (100109, 1, 'Very disappointed with the service.', '2023-08-06');
INSERT INTO Feedback (CustomerID, Rating, Comments, Date) VALUES (100110, 1, 'Very disappointed with the service.', '2022-12-04');
INSERT INTO Feedback (CustomerID, Rating, Comments, Date) VALUES (100111, 4, 'Good service, I am happy.', '2023-06-13');
INSERT INTO Feedback (CustomerID, Rating, Comments, Date) VALUES (100112, 3, 'Average experience, could be better.', '2024-10-13');
INSERT INTO Feedback (CustomerID, Rating, Comments, Date) VALUES (100113, 5, 'Excellent service, highly recommend!', '2024-09-05');
INSERT INTO Feedback (CustomerID, Rating, Comments, Date) VALUES (100114, 2, 'Not satisfied, there is room for improvement.', '2023-05-13');
INSERT INTO Feedback (CustomerID, Rating, Comments, Date) VALUES (100115, 2, 'Not satisfied, there is room for improvement.', '2023-04-14');
INSERT INTO Feedback (CustomerID, Rating, Comments, Date) VALUES (100116, 2, 'Not satisfied, there is room for improvement.', '2024-08-29');
INSERT INTO Feedback (CustomerID, Rating, Comments, Date) VALUES (100117, 5, 'Excellent service, highly recommend!', '2023-05-29');
INSERT INTO Feedback (CustomerID, Rating, Comments, Date) VALUES (100118, 2, 'Not satisfied, there is room for improvement.', '2024-09-14');
INSERT INTO Feedback (CustomerID, Rating, Comments, Date) VALUES (100119, 5, 'Excellent service, highly recommend!', '2024-09-12');
INSERT INTO Feedback (CustomerID, Rating, Comments, Date) VALUES (100120, 2, 'Not satisfied, there is room for improvement.', '2023-02-11');
INSERT INTO Feedback (CustomerID, Rating, Comments, Date) VALUES (100121, 1, 'Very disappointed with the service.', '2024-02-22');
INSERT INTO Feedback (CustomerID, Rating, Comments, Date) VALUES (100122, 1, 'Very disappointed with the service.', '2024-08-16');
INSERT INTO Feedback (CustomerID, Rating, Comments, Date) VALUES (100123, 2, 'Not satisfied, there is room for improvement.', '2023-07-30');
INSERT INTO Feedback (CustomerID, Rating, Comments, Date) VALUES (100124, 4, 'Good service, I am happy.', '2023-02-10');
INSERT INTO Feedback (CustomerID, Rating, Comments, Date) VALUES (100125, 4, 'Good service, I am happy.', '2024-09-05');
INSERT INTO Feedback (CustomerID, Rating, Comments, Date) VALUES (100126, 3, 'Average experience, could be better.', '2023-10-22');
INSERT INTO Feedback (CustomerID, Rating, Comments, Date) VALUES (100127, 1, 'Very disappointed with the service.', '2024-05-07');
INSERT INTO Feedback (CustomerID, Rating, Comments, Date) VALUES (100128, 5, 'Excellent service, highly recommend!', '2024-04-30');
INSERT INTO Feedback (CustomerID, Rating, Comments, Date) VALUES (100129, 1, 'Very disappointed with the service.', '2023-06-26');
INSERT INTO Feedback (CustomerID, Rating, Comments, Date) VALUES (100130, 1, 'Very disappointed with the service.', '2024-10-18');
INSERT INTO Feedback (CustomerID, Rating, Comments, Date) VALUES (100131, 1, 'Very disappointed with the service.', '2022-11-27');
INSERT INTO Feedback (CustomerID, Rating, Comments, Date) VALUES (100132, 1, 'Very disappointed with the service.', '2023-05-10');
INSERT INTO Feedback (CustomerID, Rating, Comments, Date) VALUES (100133, 1, 'Very disappointed with the service.', '2023-01-04');
INSERT INTO Feedback (CustomerID, Rating, Comments, Date) VALUES (100134, 2, 'Not satisfied, there is room for improvement.', '2023-06-06');
INSERT INTO Feedback (CustomerID, Rating, Comments, Date) VALUES (100135, 1, 'Very disappointed with the service.', '2023-12-13');
INSERT INTO Feedback (CustomerID, Rating, Comments, Date) VALUES (100136, 3, 'Average experience, could be better.', '2023-07-02');
INSERT INTO Feedback (CustomerID, Rating, Comments, Date) VALUES (100137, 2, 'Not satisfied, there is room for improvement.', '2023-02-18');
INSERT INTO Feedback (CustomerID, Rating, Comments, Date) VALUES (100138, 2, 'Not satisfied, there is room for improvement.', '2023-08-31');
INSERT INTO Feedback (CustomerID, Rating, Comments, Date) VALUES (100139, 2, 'Not satisfied, there is room for improvement.', '2023-07-13');
INSERT INTO Feedback (CustomerID, Rating, Comments, Date) VALUES (100140, 3, 'Average experience, could be better.', '2024-09-13');
INSERT INTO Feedback (CustomerID, Rating, Comments, Date) VALUES (100141, 2, 'Not satisfied, there is room for improvement.', '2023-07-01');
INSERT INTO Feedback (CustomerID, Rating, Comments, Date) VALUES (100142, 1, 'Very disappointed with the service.', '2022-12-17');
INSERT INTO Feedback (CustomerID, Rating, Comments, Date) VALUES (100143, 5, 'Excellent service, highly recommend!', '2024-02-24');
INSERT INTO Feedback (CustomerID, Rating, Comments, Date) VALUES (100144, 2, 'Not satisfied, there is room for improvement.', '2023-05-16');
INSERT INTO Feedback (CustomerID, Rating, Comments, Date) VALUES (100145, 5, 'Excellent service, highly recommend!', '2024-07-08');
INSERT INTO Feedback (CustomerID, Rating, Comments, Date) VALUES (100146, 4, 'Good service, I am happy.', '2022-12-10');
INSERT INTO Feedback (CustomerID, Rating, Comments, Date) VALUES (100147, 3, 'Average experience, could be better.', '2024-03-01');
INSERT INTO Feedback (CustomerID, Rating, Comments, Date) VALUES (100148, 5, 'Excellent service, highly recommend!', '2024-05-11');
INSERT INTO Feedback (CustomerID, Rating, Comments, Date) VALUES (100149, 5, 'Excellent service, highly recommend!', '2024-02-29');
INSERT INTO Feedback (CustomerID, Rating, Comments, Date) VALUES (100150, 4, 'Good service, I am happy.', '2024-02-11');
INSERT INTO Feedback (CustomerID, Rating, Comments, Date) VALUES (100151, 5, 'Excellent service, highly recommend!', '2024-04-24');
INSERT INTO Feedback (CustomerID, Rating, Comments, Date) VALUES (100152, 3, 'Average experience, could be better.', '2023-07-28');
INSERT INTO Feedback (CustomerID, Rating, Comments, Date) VALUES (100153, 4, 'Good service, I am happy.', '2023-09-23');
INSERT INTO Feedback (CustomerID, Rating, Comments, Date) VALUES (100154, 4, 'Good service, I am happy.', '2023-05-20');
INSERT INTO Feedback (CustomerID, Rating, Comments, Date) VALUES (100155, 3, 'Average experience, could be better.', '2023-11-22');
INSERT INTO Feedback (CustomerID, Rating, Comments, Date) VALUES (100156, 3, 'Average experience, could be better.', '2023-04-25');
INSERT INTO Feedback (CustomerID, Rating, Comments, Date) VALUES (100157, 4, 'Good service, I am happy.', '2023-02-18');
INSERT INTO Feedback (CustomerID, Rating, Comments, Date) VALUES (100158, 3, 'Average experience, could be better.', '2024-04-16');
INSERT INTO Feedback (CustomerID, Rating, Comments, Date) VALUES (100159, 4, 'Good service, I am happy.', '2024-07-22');
INSERT INTO Feedback (CustomerID, Rating, Comments, Date) VALUES (100160, 4, 'Good service, I am happy.', '2024-08-03');
INSERT INTO Feedback (CustomerID, Rating, Comments, Date) VALUES (100161, 1, 'Very disappointed with the service.', '2023-02-08');
INSERT INTO Feedback (CustomerID, Rating, Comments, Date) VALUES (100162, 3, 'Average experience, could be better.', '2023-09-19');
INSERT INTO Feedback (CustomerID, Rating, Comments, Date) VALUES (100163, 4, 'Good service, I am happy.', '2023-08-15');
INSERT INTO Feedback (CustomerID, Rating, Comments, Date) VALUES (100164, 5, 'Excellent service, highly recommend!', '2023-05-14');
INSERT INTO Feedback (CustomerID, Rating, Comments, Date) VALUES (100165, 2, 'Not satisfied, there is room for improvement.', '2024-05-02');
INSERT INTO Feedback (CustomerID, Rating, Comments, Date) VALUES (100166, 3, 'Average experience, could be better.', '2024-07-17');
INSERT INTO Feedback (CustomerID, Rating, Comments, Date) VALUES (100167, 1, 'Very disappointed with the service.', '2023-01-17');
INSERT INTO Feedback (CustomerID, Rating, Comments, Date) VALUES (100168, 3, 'Average experience, could be better.', '2023-08-21');
INSERT INTO Feedback (CustomerID, Rating, Comments, Date) VALUES (100169, 1, 'Very disappointed with the service.', '2023-11-20');
INSERT INTO Feedback (CustomerID, Rating, Comments, Date) VALUES (100170, 2, 'Not satisfied, there is room for improvement.', '2024-03-30');
INSERT INTO Feedback (CustomerID, Rating, Comments, Date) VALUES (100171, 3, 'Average experience, could be better.', '2024-04-28');
INSERT INTO Feedback (CustomerID, Rating, Comments, Date) VALUES (100172, 1, 'Very disappointed with the service.', '2023-12-03');
INSERT INTO Feedback (CustomerID, Rating, Comments, Date) VALUES (100173, 4, 'Good service, I am happy.', '2023-04-02');
INSERT INTO Feedback (CustomerID, Rating, Comments, Date) VALUES (100174, 5, 'Excellent service, highly recommend!', '2023-10-13');
INSERT INTO Feedback (CustomerID, Rating, Comments, Date) VALUES (100175, 4, 'Good service, I am happy.', '2023-05-02');
INSERT INTO Feedback (CustomerID, Rating, Comments, Date) VALUES (100176, 2, 'Not satisfied, there is room for improvement.', '2023-05-07');
INSERT INTO Feedback (CustomerID, Rating, Comments, Date) VALUES (100177, 4, 'Good service, I am happy.', '2023-04-07');
INSERT INTO Feedback (CustomerID, Rating, Comments, Date) VALUES (100178, 2, 'Not satisfied, there is room for improvement.', '2023-05-17');
INSERT INTO Feedback (CustomerID, Rating, Comments, Date) VALUES (100179, 5, 'Excellent service, highly recommend!', '2023-09-25');
INSERT INTO Feedback (CustomerID, Rating, Comments, Date) VALUES (100180, 2, 'Not satisfied, there is room for improvement.', '2024-02-10');
INSERT INTO Feedback (CustomerID, Rating, Comments, Date) VALUES (100181, 2, 'Not satisfied, there is room for improvement.', '2024-03-29');
INSERT INTO Feedback (CustomerID, Rating, Comments, Date) VALUES (100182, 3, 'Average experience, could be better.', '2024-05-10');
INSERT INTO Feedback (CustomerID, Rating, Comments, Date) VALUES (100183, 4, 'Good service, I am happy.', '2022-12-15');
INSERT INTO Feedback (CustomerID, Rating, Comments, Date) VALUES (100184, 3, 'Average experience, could be better.', '2022-12-15');
INSERT INTO Feedback (CustomerID, Rating, Comments, Date) VALUES (100185, 5, 'Excellent service, highly recommend!', '2023-02-19');
INSERT INTO Feedback (CustomerID, Rating, Comments, Date) VALUES (100186, 3, 'Average experience, could be better.', '2024-09-01');
INSERT INTO Feedback (CustomerID, Rating, Comments, Date) VALUES (100187, 5, 'Excellent service, highly recommend!', '2023-02-09');
INSERT INTO Feedback (CustomerID, Rating, Comments, Date) VALUES (100188, 4, 'Good service, I am happy.', '2022-12-08');
INSERT INTO Feedback (CustomerID, Rating, Comments, Date) VALUES (100189, 4, 'Good service, I am happy.', '2024-05-29');
INSERT INTO Feedback (CustomerID, Rating, Comments, Date) VALUES (100190, 2, 'Not satisfied, there is room for improvement.', '2023-03-30');
INSERT INTO Feedback (CustomerID, Rating, Comments, Date) VALUES (100191, 2, 'Not satisfied, there is room for improvement.', '2024-07-11');
INSERT INTO Feedback (CustomerID, Rating, Comments, Date) VALUES (100192, 2, 'Not satisfied, there is room for improvement.', '2023-03-10');
INSERT INTO Feedback (CustomerID, Rating, Comments, Date) VALUES (100193, 5, 'Excellent service, highly recommend!', '2023-10-10');
INSERT INTO Feedback (CustomerID, Rating, Comments, Date) VALUES (100194, 3, 'Average experience, could be better.', '2024-08-27');
INSERT INTO Feedback (CustomerID, Rating, Comments, Date) VALUES (100195, 2, 'Not satisfied, there is room for improvement.', '2023-01-31');
INSERT INTO Feedback (CustomerID, Rating, Comments, Date) VALUES (100196, 4, 'Good service, I am happy.', '2023-01-27');
INSERT INTO Feedback (CustomerID, Rating, Comments, Date) VALUES (100197, 2, 'Not satisfied, there is room for improvement.', '2023-09-12');
INSERT INTO Feedback (CustomerID, Rating, Comments, Date) VALUES (100198, 2, 'Not satisfied, there is room for improvement.', '2023-04-04');
INSERT INTO Feedback (CustomerID, Rating, Comments, Date) VALUES (100199, 2, 'Not satisfied, there is room for improvement.', '2023-04-25');
INSERT INTO Feedback (CustomerID, Rating, Comments, Date) VALUES (100200, 1, 'Very disappointed with the service.', '2023-02-17');
INSERT INTO Feedback (CustomerID, Rating, Comments, Date) VALUES (100201, 1, 'Very disappointed with the service.', '2023-01-16');
INSERT INTO Feedback (CustomerID, Rating, Comments, Date) VALUES (100202, 3, 'Average experience, could be better.', '2024-03-28');
INSERT INTO Feedback (CustomerID, Rating, Comments, Date) VALUES (100203, 3, 'Average experience, could be better.', '2022-12-15');
INSERT INTO Feedback (CustomerID, Rating, Comments, Date) VALUES (100204, 3, 'Average experience, could be better.', '2022-11-27');
INSERT INTO Feedback (CustomerID, Rating, Comments, Date) VALUES (100205, 2, 'Not satisfied, there is room for improvement.', '2023-05-18');
INSERT INTO Feedback (CustomerID, Rating, Comments, Date) VALUES (100206, 5, 'Excellent service, highly recommend!', '2023-09-13');
INSERT INTO Feedback (CustomerID, Rating, Comments, Date) VALUES (100207, 1, 'Very disappointed with the service.', '2024-05-11');
INSERT INTO Feedback (CustomerID, Rating, Comments, Date) VALUES (100208, 1, 'Very disappointed with the service.', '2023-04-10');
INSERT INTO Feedback (CustomerID, Rating, Comments, Date) VALUES (100209, 2, 'Not satisfied, there is room for improvement.', '2023-09-13');
INSERT INTO Feedback (CustomerID, Rating, Comments, Date) VALUES (100210, 5, 'Excellent service, highly recommend!', '2023-01-24');
INSERT INTO Feedback (CustomerID, Rating, Comments, Date) VALUES (100211, 2, 'Not satisfied, there is room for improvement.', '2024-05-14');
INSERT INTO Feedback (CustomerID, Rating, Comments, Date) VALUES (100212, 3, 'Average experience, could be better.', '2024-06-21');
INSERT INTO Feedback (CustomerID, Rating, Comments, Date) VALUES (100213, 5, 'Excellent service, highly recommend!', '2023-03-03');
INSERT INTO Feedback (CustomerID, Rating, Comments, Date) VALUES (100214, 1, 'Very disappointed with the service.', '2024-11-02');
INSERT INTO Feedback (CustomerID, Rating, Comments, Date) VALUES (100215, 5, 'Excellent service, highly recommend!', '2023-12-28');
INSERT INTO Feedback (CustomerID, Rating, Comments, Date) VALUES (100216, 4, 'Good service, I am happy.', '2023-04-21');
INSERT INTO Feedback (CustomerID, Rating, Comments, Date) VALUES (100217, 4, 'Good service, I am happy.', '2024-03-03');
INSERT INTO Feedback (CustomerID, Rating, Comments, Date) VALUES (100218, 2, 'Not satisfied, there is room for improvement.', '2024-10-23');
INSERT INTO Feedback (CustomerID, Rating, Comments, Date) VALUES (100219, 3, 'Average experience, could be better.', '2023-11-26');



-- Insert statements for SalesOrder
INSERT INTO SalesOrder ([Date], TotalPrice, OrderQuantity, CarID, CustomerID, SalesPersonID, Added_On, Updated_On) VALUES ('2024-09-26', 84083.79, 1, 10131, 100068, 100016, '2024-11-22 12:58:27', '2024-11-22 12:58:27');
INSERT INTO SalesOrder ([Date], TotalPrice, OrderQuantity, CarID, CustomerID, SalesPersonID, Added_On, Updated_On) VALUES ('2024-04-17', 79041.79, 1, 10026, 100143, 100019, '2024-11-22 12:58:27', '2024-11-22 12:58:27');
INSERT INTO SalesOrder ([Date], TotalPrice, OrderQuantity, CarID, CustomerID, SalesPersonID, Added_On, Updated_On) VALUES ('2024-01-01', 34723.49, 1, 10146, 100132, 100003, '2024-11-22 12:58:27', '2024-11-22 12:58:27');
INSERT INTO SalesOrder ([Date], TotalPrice, OrderQuantity, CarID, CustomerID, SalesPersonID, Added_On, Updated_On) VALUES ('2024-07-03', 37934.47, 1, 10072, 100093, 100003, '2024-11-22 12:58:27', '2024-11-22 12:58:27');
INSERT INTO SalesOrder ([Date], TotalPrice, OrderQuantity, CarID, CustomerID, SalesPersonID, Added_On, Updated_On) VALUES ('2024-06-09', 22267.98, 1, 10088, 100153, 100018, '2024-11-22 12:58:27', '2024-11-22 12:58:27');
INSERT INTO SalesOrder ([Date], TotalPrice, OrderQuantity, CarID, CustomerID, SalesPersonID, Added_On, Updated_On) VALUES ('2024-04-27', 60137.62, 1, 10096, 100182, 100005, '2024-11-22 12:58:27', '2024-11-22 12:58:27');
INSERT INTO SalesOrder ([Date], TotalPrice, OrderQuantity, CarID, CustomerID, SalesPersonID, Added_On, Updated_On) VALUES ('2024-04-10', 75713.06, 1, 10093, 100069, 100001, '2024-11-22 12:58:27', '2024-11-22 12:58:27');
INSERT INTO SalesOrder ([Date], TotalPrice, OrderQuantity, CarID, CustomerID, SalesPersonID, Added_On, Updated_On) VALUES ('2024-08-11', 64077.42, 1, 10037, 100121, 100006, '2024-11-22 12:58:27', '2024-11-22 12:58:27');
INSERT INTO SalesOrder ([Date], TotalPrice, OrderQuantity, CarID, CustomerID, SalesPersonID, Added_On, Updated_On) VALUES ('2024-02-05', 96576.85, 1, 10085, 100199, 100012, '2024-11-22 12:58:27', '2024-11-22 12:58:27');
INSERT INTO SalesOrder ([Date], TotalPrice, OrderQuantity, CarID, CustomerID, SalesPersonID, Added_On, Updated_On) VALUES ('2024-10-06', 51750.5, 1, 10178, 100143, 100016, '2024-11-22 12:58:27', '2024-11-22 12:58:27');
INSERT INTO SalesOrder ([Date], TotalPrice, OrderQuantity, CarID, CustomerID, SalesPersonID, Added_On, Updated_On) VALUES ('2024-04-14', 23009.31, 1, 10171, 100092, 100017, '2024-11-22 12:58:27', '2024-11-22 12:58:27');
INSERT INTO SalesOrder ([Date], TotalPrice, OrderQuantity, CarID, CustomerID, SalesPersonID, Added_On, Updated_On) VALUES ('2023-12-04', 23158.0, 1, 10114, 100207, 100007, '2024-11-22 12:58:27', '2024-11-22 12:58:27');
INSERT INTO SalesOrder ([Date], TotalPrice, OrderQuantity, CarID, CustomerID, SalesPersonID, Added_On, Updated_On) VALUES ('2023-12-27', 67647.82, 1, 10086, 100173, 100006, '2024-11-22 12:58:27', '2024-11-22 12:58:27');
INSERT INTO SalesOrder ([Date], TotalPrice, OrderQuantity, CarID, CustomerID, SalesPersonID, Added_On, Updated_On) VALUES ('2024-06-17', 81852.63, 1, 10170, 100099, 100013, '2024-11-22 12:58:27', '2024-11-22 12:58:27');
INSERT INTO SalesOrder ([Date], TotalPrice, OrderQuantity, CarID, CustomerID, SalesPersonID, Added_On, Updated_On) VALUES ('2024-02-25', 35007.96, 1, 10067, 100122, 100004, '2024-11-22 12:58:27', '2024-11-22 12:58:27');
INSERT INTO SalesOrder ([Date], TotalPrice, OrderQuantity, CarID, CustomerID, SalesPersonID, Added_On, Updated_On) VALUES ('2024-06-16', 43017.29, 1, 10139, 100192, 100018, '2024-11-22 12:58:27', '2024-11-22 12:58:27');
INSERT INTO SalesOrder ([Date], TotalPrice, OrderQuantity, CarID, CustomerID, SalesPersonID, Added_On, Updated_On) VALUES ('2024-03-22', 35661.69, 1, 10195, 100083, 100002, '2024-11-22 12:58:27', '2024-11-22 12:58:27');
INSERT INTO SalesOrder ([Date], TotalPrice, OrderQuantity, CarID, CustomerID, SalesPersonID, Added_On, Updated_On) VALUES ('2024-03-28', 49173.15, 1, 10018, 100138, 100017, '2024-11-22 12:58:27', '2024-11-22 12:58:27');
INSERT INTO SalesOrder ([Date], TotalPrice, OrderQuantity, CarID, CustomerID, SalesPersonID, Added_On, Updated_On) VALUES ('2024-07-10', 35168.87, 1, 10130, 100138, 100010, '2024-11-22 12:58:27', '2024-11-22 12:58:27');
INSERT INTO SalesOrder ([Date], TotalPrice, OrderQuantity, CarID, CustomerID, SalesPersonID, Added_On, Updated_On) VALUES ('2024-02-13', 84794.15, 1, 10048, 100205, 100002, '2024-11-22 12:58:27', '2024-11-22 12:58:27');
INSERT INTO SalesOrder ([Date], TotalPrice, OrderQuantity, CarID, CustomerID, SalesPersonID, Added_On, Updated_On) VALUES ('2024-03-25', 51457.62, 1, 10094, 100210, 100017, '2024-11-22 12:58:27', '2024-11-22 12:58:27');
INSERT INTO SalesOrder ([Date], TotalPrice, OrderQuantity, CarID, CustomerID, SalesPersonID, Added_On, Updated_On) VALUES ('2024-11-21', 62397.34, 1, 10046, 100025, 100006, '2024-11-22 12:58:27', '2024-11-22 12:58:27');
INSERT INTO SalesOrder ([Date], TotalPrice, OrderQuantity, CarID, CustomerID, SalesPersonID, Added_On, Updated_On) VALUES ('2024-06-29', 60741.68, 1, 10023, 100050, 100008, '2024-11-22 12:58:27', '2024-11-22 12:58:27');
INSERT INTO SalesOrder ([Date], TotalPrice, OrderQuantity, CarID, CustomerID, SalesPersonID, Added_On, Updated_On) VALUES ('2024-05-05', 28084.8, 1, 10098, 100078, 100013, '2024-11-22 12:58:27', '2024-11-22 12:58:27');
INSERT INTO SalesOrder ([Date], TotalPrice, OrderQuantity, CarID, CustomerID, SalesPersonID, Added_On, Updated_On) VALUES ('2024-04-07', 15143.66, 1, 10092, 100031, 100019, '2024-11-22 12:58:27', '2024-11-22 12:58:27');
INSERT INTO SalesOrder ([Date], TotalPrice, OrderQuantity, CarID, CustomerID, SalesPersonID, Added_On, Updated_On) VALUES ('2023-12-12', 71367.3, 1, 10032, 100211, 100017, '2024-11-22 12:58:27', '2024-11-22 12:58:27');
INSERT INTO SalesOrder ([Date], TotalPrice, OrderQuantity, CarID, CustomerID, SalesPersonID, Added_On, Updated_On) VALUES ('2024-02-11', 75338.67, 1, 10135, 100131, 100003, '2024-11-22 12:58:27', '2024-11-22 12:58:27');
INSERT INTO SalesOrder ([Date], TotalPrice, OrderQuantity, CarID, CustomerID, SalesPersonID, Added_On, Updated_On) VALUES ('2024-08-17', 52222.21, 1, 10087, 100042, 100003, '2024-11-22 12:58:27', '2024-11-22 12:58:27');
INSERT INTO SalesOrder ([Date], TotalPrice, OrderQuantity, CarID, CustomerID, SalesPersonID, Added_On, Updated_On) VALUES ('2024-04-03', 56847.0, 1, 10035, 100202, 100007, '2024-11-22 12:58:27', '2024-11-22 12:58:27');
INSERT INTO SalesOrder ([Date], TotalPrice, OrderQuantity, CarID, CustomerID, SalesPersonID, Added_On, Updated_On) VALUES ('2024-10-23', 39388.1, 1, 10019, 100132, 100008, '2024-11-22 12:58:27', '2024-11-22 12:58:27');
INSERT INTO SalesOrder ([Date], TotalPrice, OrderQuantity, CarID, CustomerID, SalesPersonID, Added_On, Updated_On) VALUES ('2024-10-22', 11448.9, 1, 10109, 100104, 100014, '2024-11-22 12:58:27', '2024-11-22 12:58:27');
INSERT INTO SalesOrder ([Date], TotalPrice, OrderQuantity, CarID, CustomerID, SalesPersonID, Added_On, Updated_On) VALUES ('2024-09-29', 85787.79, 1, 10058, 100052, 100017, '2024-11-22 12:58:27', '2024-11-22 12:58:27');
INSERT INTO SalesOrder ([Date], TotalPrice, OrderQuantity, CarID, CustomerID, SalesPersonID, Added_On, Updated_On) VALUES ('2024-01-23', 34000.15, 1, 10110, 100178, 100008, '2024-11-22 12:58:27', '2024-11-22 12:58:27');
INSERT INTO SalesOrder ([Date], TotalPrice, OrderQuantity, CarID, CustomerID, SalesPersonID, Added_On, Updated_On) VALUES ('2024-03-31', 60738.52, 1, 10186, 100086, 100002, '2024-11-22 12:58:27', '2024-11-22 12:58:27');
INSERT INTO SalesOrder ([Date], TotalPrice, OrderQuantity, CarID, CustomerID, SalesPersonID, Added_On, Updated_On) VALUES ('2024-03-26', 99702.6, 1, 10147, 100067, 100003, '2024-11-22 12:58:27', '2024-11-22 12:58:27');
INSERT INTO SalesOrder ([Date], TotalPrice, OrderQuantity, CarID, CustomerID, SalesPersonID, Added_On, Updated_On) VALUES ('2024-06-24', 56307.8, 1, 10142, 100151, 100012, '2024-11-22 12:58:27', '2024-11-22 12:58:27');
INSERT INTO SalesOrder ([Date], TotalPrice, OrderQuantity, CarID, CustomerID, SalesPersonID, Added_On, Updated_On) VALUES ('2024-02-18', 50549.07, 1, 10137, 100041, 100014, '2024-11-22 12:58:27', '2024-11-22 12:58:27');
INSERT INTO SalesOrder ([Date], TotalPrice, OrderQuantity, CarID, CustomerID, SalesPersonID, Added_On, Updated_On) VALUES ('2024-06-27', 23554.88, 1, 10182, 100068, 100006, '2024-11-22 12:58:27', '2024-11-22 12:58:27');
INSERT INTO SalesOrder ([Date], TotalPrice, OrderQuantity, CarID, CustomerID, SalesPersonID, Added_On, Updated_On) VALUES ('2024-09-20', 97086.1, 1, 10175, 100042, 100003, '2024-11-22 12:58:27', '2024-11-22 12:58:27');
INSERT INTO SalesOrder ([Date], TotalPrice, OrderQuantity, CarID, CustomerID, SalesPersonID, Added_On, Updated_On) VALUES ('2024-02-13', 24431.03, 1, 10148, 100093, 100014, '2024-11-22 12:58:27', '2024-11-22 12:58:27');
INSERT INTO SalesOrder ([Date], TotalPrice, OrderQuantity, CarID, CustomerID, SalesPersonID, Added_On, Updated_On) VALUES ('2024-09-29', 65984.23, 1, 10060, 100219, 100014, '2024-11-22 12:58:27', '2024-11-22 12:58:27');
INSERT INTO SalesOrder ([Date], TotalPrice, OrderQuantity, CarID, CustomerID, SalesPersonID, Added_On, Updated_On) VALUES ('2024-05-23', 87604.52, 1, 10040, 100124, 100012, '2024-11-22 12:58:27', '2024-11-22 12:58:27');
INSERT INTO SalesOrder ([Date], TotalPrice, OrderQuantity, CarID, CustomerID, SalesPersonID, Added_On, Updated_On) VALUES ('2024-02-24', 45633.28, 1, 10073, 100162, 100005, '2024-11-22 12:58:27', '2024-11-22 12:58:27');
INSERT INTO SalesOrder ([Date], TotalPrice, OrderQuantity, CarID, CustomerID, SalesPersonID, Added_On, Updated_On) VALUES ('2024-05-28', 23881.11, 1, 10076, 100127, 100002, '2024-11-22 12:58:27', '2024-11-22 12:58:27');
INSERT INTO SalesOrder ([Date], TotalPrice, OrderQuantity, CarID, CustomerID, SalesPersonID, Added_On, Updated_On) VALUES ('2024-05-25', 13559.0, 1, 10062, 100097, 100002, '2024-11-22 12:58:27', '2024-11-22 12:58:27');
INSERT INTO SalesOrder ([Date], TotalPrice, OrderQuantity, CarID, CustomerID, SalesPersonID, Added_On, Updated_On) VALUES ('2023-11-23', 91779.54, 1, 10010, 100096, 100015, '2024-11-22 12:58:27', '2024-11-22 12:58:27');
INSERT INTO SalesOrder ([Date], TotalPrice, OrderQuantity, CarID, CustomerID, SalesPersonID, Added_On, Updated_On) VALUES ('2024-04-28', 37256.08, 1, 10097, 100072, 100012, '2024-11-22 12:58:27', '2024-11-22 12:58:27');
INSERT INTO SalesOrder ([Date], TotalPrice, OrderQuantity, CarID, CustomerID, SalesPersonID, Added_On, Updated_On) VALUES ('2024-07-17', 18488.8, 1, 10082, 100208, 100004, '2024-11-22 12:58:27', '2024-11-22 12:58:27');
INSERT INTO SalesOrder ([Date], TotalPrice, OrderQuantity, CarID, CustomerID, SalesPersonID, Added_On, Updated_On) VALUES ('2024-09-06', 87361.11, 1, 10047, 100140, 100008, '2024-11-22 12:58:27', '2024-11-22 12:58:27');
INSERT INTO SalesOrder ([Date], TotalPrice, OrderQuantity, CarID, CustomerID, SalesPersonID, Added_On, Updated_On) VALUES ('2024-10-05', 21726.85, 1, 10138, 100205, 100004, '2024-11-22 12:58:27', '2024-11-22 12:58:27');
INSERT INTO SalesOrder ([Date], TotalPrice, OrderQuantity, CarID, CustomerID, SalesPersonID, Added_On, Updated_On) VALUES ('2023-12-27', 56299.44, 1, 10181, 100141, 100010, '2024-11-22 12:58:27', '2024-11-22 12:58:27');
INSERT INTO SalesOrder ([Date], TotalPrice, OrderQuantity, CarID, CustomerID, SalesPersonID, Added_On, Updated_On) VALUES ('2024-07-21', 45870.76, 1, 10151, 100170, 100006, '2024-11-22 12:58:27', '2024-11-22 12:58:27');
INSERT INTO SalesOrder ([Date], TotalPrice, OrderQuantity, CarID, CustomerID, SalesPersonID, Added_On, Updated_On) VALUES ('2023-12-23', 31108.9, 1, 10063, 100055, 100003, '2024-11-22 12:58:27', '2024-11-22 12:58:27');
INSERT INTO SalesOrder ([Date], TotalPrice, OrderQuantity, CarID, CustomerID, SalesPersonID, Added_On, Updated_On) VALUES ('2024-06-04', 67510.72, 1, 10081, 100133, 100004, '2024-11-22 12:58:27', '2024-11-22 12:58:27');
INSERT INTO SalesOrder ([Date], TotalPrice, OrderQuantity, CarID, CustomerID, SalesPersonID, Added_On, Updated_On) VALUES ('2024-06-07', 84850.31, 1, 10194, 100091, 100013, '2024-11-22 12:58:27', '2024-11-22 12:58:27');
INSERT INTO SalesOrder ([Date], TotalPrice, OrderQuantity, CarID, CustomerID, SalesPersonID, Added_On, Updated_On) VALUES ('2024-02-01', 37482.55, 1, 10091, 100129, 100011, '2024-11-22 12:58:27', '2024-11-22 12:58:27');
INSERT INTO SalesOrder ([Date], TotalPrice, OrderQuantity, CarID, CustomerID, SalesPersonID, Added_On, Updated_On) VALUES ('2024-09-03', 56007.1, 1, 10180, 100206, 100001, '2024-11-22 12:58:27', '2024-11-22 12:58:27');
INSERT INTO SalesOrder ([Date], TotalPrice, OrderQuantity, CarID, CustomerID, SalesPersonID, Added_On, Updated_On) VALUES ('2024-11-20', 40493.88, 1, 10104, 100144, 100013, '2024-11-22 12:58:27', '2024-11-22 12:58:27');
INSERT INTO SalesOrder ([Date], TotalPrice, OrderQuantity, CarID, CustomerID, SalesPersonID, Added_On, Updated_On) VALUES ('2024-01-08', 62585.68, 1, 10159, 100146, 100007, '2024-11-22 12:58:27', '2024-11-22 12:58:27');
INSERT INTO SalesOrder ([Date], TotalPrice, OrderQuantity, CarID, CustomerID, SalesPersonID, Added_On, Updated_On) VALUES ('2024-09-26', 27375.34, 1, 10061, 100087, 100001, '2024-11-22 12:58:27', '2024-11-22 12:58:27');
INSERT INTO SalesOrder ([Date], TotalPrice, OrderQuantity, CarID, CustomerID, SalesPersonID, Added_On, Updated_On) VALUES ('2024-08-30', 77987.3, 1, 10136, 100066, 100015, '2024-11-22 12:58:27', '2024-11-22 12:58:27');
INSERT INTO SalesOrder ([Date], TotalPrice, OrderQuantity, CarID, CustomerID, SalesPersonID, Added_On, Updated_On) VALUES ('2024-05-30', 77827.14, 1, 10030, 100024, 100010, '2024-11-22 12:58:27', '2024-11-22 12:58:27');
INSERT INTO SalesOrder ([Date], TotalPrice, OrderQuantity, CarID, CustomerID, SalesPersonID, Added_On, Updated_On) VALUES ('2024-04-01', 27304.1, 1, 10121, 100065, 100012, '2024-11-22 12:58:27', '2024-11-22 12:58:27');
INSERT INTO SalesOrder ([Date], TotalPrice, OrderQuantity, CarID, CustomerID, SalesPersonID, Added_On, Updated_On) VALUES ('2024-01-22', 49525.36, 1, 10068, 100158, 100013, '2024-11-22 12:58:27', '2024-11-22 12:58:27');
INSERT INTO SalesOrder ([Date], TotalPrice, OrderQuantity, CarID, CustomerID, SalesPersonID, Added_On, Updated_On) VALUES ('2023-12-24', 59275.86, 1, 10025, 100154, 100000, '2024-11-22 12:58:27', '2024-11-22 12:58:27');
INSERT INTO SalesOrder ([Date], TotalPrice, OrderQuantity, CarID, CustomerID, SalesPersonID, Added_On, Updated_On) VALUES ('2023-11-27', 70741.85, 1, 10155, 100093, 100016, '2024-11-22 12:58:27', '2024-11-22 12:58:27');
INSERT INTO SalesOrder ([Date], TotalPrice, OrderQuantity, CarID, CustomerID, SalesPersonID, Added_On, Updated_On) VALUES ('2024-05-06', 52367.28, 1, 10176, 100211, 100017, '2024-11-22 12:58:27', '2024-11-22 12:58:27');
INSERT INTO SalesOrder ([Date], TotalPrice, OrderQuantity, CarID, CustomerID, SalesPersonID, Added_On, Updated_On) VALUES ('2024-06-20', 95345.36, 1, 10090, 100155, 100016, '2024-11-22 12:58:27', '2024-11-22 12:58:27');
INSERT INTO SalesOrder ([Date], TotalPrice, OrderQuantity, CarID, CustomerID, SalesPersonID, Added_On, Updated_On) VALUES ('2024-09-20', 81292.74, 1, 10007, 100027, 100007, '2024-11-22 12:58:27', '2024-11-22 12:58:27');
INSERT INTO SalesOrder ([Date], TotalPrice, OrderQuantity, CarID, CustomerID, SalesPersonID, Added_On, Updated_On) VALUES ('2023-12-27', 45112.44, 1, 10078, 100091, 100018, '2024-11-22 12:58:27', '2024-11-22 12:58:27');
INSERT INTO SalesOrder ([Date], TotalPrice, OrderQuantity, CarID, CustomerID, SalesPersonID, Added_On, Updated_On) VALUES ('2024-07-16', 51163.52, 1, 10143, 100180, 100017, '2024-11-22 12:58:27', '2024-11-22 12:58:27');
INSERT INTO SalesOrder ([Date], TotalPrice, OrderQuantity, CarID, CustomerID, SalesPersonID, Added_On, Updated_On) VALUES ('2024-04-18', 27765.05, 1, 10042, 100042, 100008, '2024-11-22 12:58:27', '2024-11-22 12:58:27');
INSERT INTO SalesOrder ([Date], TotalPrice, OrderQuantity, CarID, CustomerID, SalesPersonID, Added_On, Updated_On) VALUES ('2023-11-26', 57275.91, 1, 10015, 100037, 100009, '2024-11-22 12:58:27', '2024-11-22 12:58:27');
INSERT INTO SalesOrder ([Date], TotalPrice, OrderQuantity, CarID, CustomerID, SalesPersonID, Added_On, Updated_On) VALUES ('2024-06-27', 71387.21, 1, 10126, 100079, 100008, '2024-11-22 12:58:27', '2024-11-22 12:58:27');
INSERT INTO SalesOrder ([Date], TotalPrice, OrderQuantity, CarID, CustomerID, SalesPersonID, Added_On, Updated_On) VALUES ('2024-07-20', 65050.28, 1, 10071, 100176, 100019, '2024-11-22 12:58:27', '2024-11-22 12:58:27');
INSERT INTO SalesOrder ([Date], TotalPrice, OrderQuantity, CarID, CustomerID, SalesPersonID, Added_On, Updated_On) VALUES ('2023-11-29', 14867.68, 1, 10001, 100139, 100006, '2024-11-22 12:58:27', '2024-11-22 12:58:27');
INSERT INTO SalesOrder ([Date], TotalPrice, OrderQuantity, CarID, CustomerID, SalesPersonID, Added_On, Updated_On) VALUES ('2024-07-31', 62405.25, 1, 10075, 100197, 100006, '2024-11-22 12:58:27', '2024-11-22 12:58:27');
INSERT INTO SalesOrder ([Date], TotalPrice, OrderQuantity, CarID, CustomerID, SalesPersonID, Added_On, Updated_On) VALUES ('2023-12-07', 43648.4, 1, 10034, 100063, 100015, '2024-11-22 12:58:27', '2024-11-22 12:58:27');
INSERT INTO SalesOrder ([Date], TotalPrice, OrderQuantity, CarID, CustomerID, SalesPersonID, Added_On, Updated_On) VALUES ('2024-04-13', 22744.66, 1, 10105, 100156, 100010, '2024-11-22 12:58:27', '2024-11-22 12:58:27');
INSERT INTO SalesOrder ([Date], TotalPrice, OrderQuantity, CarID, CustomerID, SalesPersonID, Added_On, Updated_On) VALUES ('2024-04-15', 40509.69, 1, 10020, 100198, 100001, '2024-11-22 12:58:27', '2024-11-22 12:58:27');
INSERT INTO SalesOrder ([Date], TotalPrice, OrderQuantity, CarID, CustomerID, SalesPersonID, Added_On, Updated_On) VALUES ('2024-07-17', 22270.89, 1, 10140, 100144, 100014, '2024-11-22 12:58:27', '2024-11-22 12:58:27');
INSERT INTO SalesOrder ([Date], TotalPrice, OrderQuantity, CarID, CustomerID, SalesPersonID, Added_On, Updated_On) VALUES ('2024-01-26', 37550.11, 1, 10177, 100066, 100000, '2024-11-22 12:58:27', '2024-11-22 12:58:27');
INSERT INTO SalesOrder ([Date], TotalPrice, OrderQuantity, CarID, CustomerID, SalesPersonID, Added_On, Updated_On) VALUES ('2024-07-27', 50537.78, 1, 10189, 100112, 100015, '2024-11-22 12:58:27', '2024-11-22 12:58:27');
INSERT INTO SalesOrder ([Date], TotalPrice, OrderQuantity, CarID, CustomerID, SalesPersonID, Added_On, Updated_On) VALUES ('2024-02-25', 76302.86, 1, 10100, 100122, 100018, '2024-11-22 12:58:27', '2024-11-22 12:58:27');
INSERT INTO SalesOrder ([Date], TotalPrice, OrderQuantity, CarID, CustomerID, SalesPersonID, Added_On, Updated_On) VALUES ('2024-06-10', 69652.88, 1, 10052, 100115, 100011, '2024-11-22 12:58:27', '2024-11-22 12:58:27');
INSERT INTO SalesOrder ([Date], TotalPrice, OrderQuantity, CarID, CustomerID, SalesPersonID, Added_On, Updated_On) VALUES ('2024-09-23', 54870.89, 1, 10095, 100101, 100014, '2024-11-22 12:58:27', '2024-11-22 12:58:27');
INSERT INTO SalesOrder ([Date], TotalPrice, OrderQuantity, CarID, CustomerID, SalesPersonID, Added_On, Updated_On) VALUES ('2024-01-10', 10573.41, 1, 10169, 100167, 100014, '2024-11-22 12:58:27', '2024-11-22 12:58:27');
INSERT INTO SalesOrder ([Date], TotalPrice, OrderQuantity, CarID, CustomerID, SalesPersonID, Added_On, Updated_On) VALUES ('2024-06-08', 60043.68, 1, 10053, 100206, 100008, '2024-11-22 12:58:27', '2024-11-22 12:58:27');
INSERT INTO SalesOrder ([Date], TotalPrice, OrderQuantity, CarID, CustomerID, SalesPersonID, Added_On, Updated_On) VALUES ('2024-01-17', 15039.97, 1, 10016, 100099, 100011, '2024-11-22 12:58:27', '2024-11-22 12:58:27');
INSERT INTO SalesOrder ([Date], TotalPrice, OrderQuantity, CarID, CustomerID, SalesPersonID, Added_On, Updated_On) VALUES ('2024-10-19', 99284.64, 1, 10057, 100117, 100012, '2024-11-22 12:58:27', '2024-11-22 12:58:27');
INSERT INTO SalesOrder ([Date], TotalPrice, OrderQuantity, CarID, CustomerID, SalesPersonID, Added_On, Updated_On) VALUES ('2024-02-13', 98177.18, 1, 10184, 100192, 100000, '2024-11-22 12:58:27', '2024-11-22 12:58:27');
INSERT INTO SalesOrder ([Date], TotalPrice, OrderQuantity, CarID, CustomerID, SalesPersonID, Added_On, Updated_On) VALUES ('2024-11-09', 85887.49, 1, 10012, 100128, 100014, '2024-11-22 12:58:27', '2024-11-22 12:58:27');
INSERT INTO SalesOrder ([Date], TotalPrice, OrderQuantity, CarID, CustomerID, SalesPersonID, Added_On, Updated_On) VALUES ('2024-01-20', 89740.21, 1, 10054, 100045, 100005, '2024-11-22 12:58:27', '2024-11-22 12:58:27');
INSERT INTO SalesOrder ([Date], TotalPrice, OrderQuantity, CarID, CustomerID, SalesPersonID, Added_On, Updated_On) VALUES ('2024-10-29', 93892.73, 1, 10152, 100081, 100004, '2024-11-22 12:58:27', '2024-11-22 12:58:27');
INSERT INTO SalesOrder ([Date], TotalPrice, OrderQuantity, CarID, CustomerID, SalesPersonID, Added_On, Updated_On) VALUES ('2024-09-23', 88373.83, 1, 10056, 100051, 100007, '2024-11-22 12:58:27', '2024-11-22 12:58:27');
INSERT INTO SalesOrder ([Date], TotalPrice, OrderQuantity, CarID, CustomerID, SalesPersonID, Added_On, Updated_On) VALUES ('2024-02-10', 84640.47, 1, 10113, 100063, 100000, '2024-11-22 12:58:27', '2024-11-22 12:58:27');
INSERT INTO SalesOrder ([Date], TotalPrice, OrderQuantity, CarID, CustomerID, SalesPersonID, Added_On, Updated_On) VALUES ('2024-11-21', 67128.23, 1, 10099, 100020, 100013, '2024-11-22 12:58:27', '2024-11-22 12:58:27');
INSERT INTO SalesOrder ([Date], TotalPrice, OrderQuantity, CarID, CustomerID, SalesPersonID, Added_On, Updated_On) VALUES ('2024-09-19', 94518.43, 1, 10167, 100060, 100016, '2024-11-22 12:58:27', '2024-11-22 12:58:27');
INSERT INTO SalesOrder ([Date], TotalPrice, OrderQuantity, CarID, CustomerID, SalesPersonID, Added_On, Updated_On) VALUES ('2024-09-02', 24424.76, 1, 10164, 100213, 100009, '2024-11-22 12:58:27', '2024-11-22 12:58:27');
INSERT INTO SalesOrder ([Date], TotalPrice, OrderQuantity, CarID, CustomerID, SalesPersonID, Added_On, Updated_On) VALUES ('2024-05-22', 99850.7, 1, 10161, 100183, 100004, '2024-11-22 12:58:27', '2024-11-22 12:58:27');
INSERT INTO SalesOrder ([Date], TotalPrice, OrderQuantity, CarID, CustomerID, SalesPersonID, Added_On, Updated_On) VALUES ('2024-04-03', 46569.28, 1, 10027, 100177, 100004, '2024-11-22 12:58:27', '2024-11-22 12:58:27');
INSERT INTO SalesOrder ([Date], TotalPrice, OrderQuantity, CarID, CustomerID, SalesPersonID, Added_On, Updated_On) VALUES ('2024-02-18', 74622.37, 1, 10157, 100147, 100006, '2024-11-22 12:58:27', '2024-11-22 12:58:27');
INSERT INTO SalesOrder ([Date], TotalPrice, OrderQuantity, CarID, CustomerID, SalesPersonID, Added_On, Updated_On) VALUES ('2024-08-29', 95731.64, 1, 10028, 100158, 100019, '2024-11-22 12:58:27', '2024-11-22 12:58:27');
INSERT INTO SalesOrder ([Date], TotalPrice, OrderQuantity, CarID, CustomerID, SalesPersonID, Added_On, Updated_On) VALUES ('2024-03-09', 30773.44, 1, 10141, 100061, 100007, '2024-11-22 12:58:27', '2024-11-22 12:58:27');
INSERT INTO SalesOrder ([Date], TotalPrice, OrderQuantity, CarID, CustomerID, SalesPersonID, Added_On, Updated_On) VALUES ('2024-07-28', 80980.22, 1, 10193, 100094, 100012, '2024-11-22 12:58:27', '2024-11-22 12:58:27');
INSERT INTO SalesOrder ([Date], TotalPrice, OrderQuantity, CarID, CustomerID, SalesPersonID, Added_On, Updated_On) VALUES ('2024-08-17', 73994.94, 1, 10179, 100030, 100016, '2024-11-22 12:58:27', '2024-11-22 12:58:27');
INSERT INTO SalesOrder ([Date], TotalPrice, OrderQuantity, CarID, CustomerID, SalesPersonID, Added_On, Updated_On) VALUES ('2024-08-16', 62491.44, 1, 10008, 100180, 100013, '2024-11-22 12:58:27', '2024-11-22 12:58:27');
INSERT INTO SalesOrder ([Date], TotalPrice, OrderQuantity, CarID, CustomerID, SalesPersonID, Added_On, Updated_On) VALUES ('2024-10-04', 77829.59, 1, 10022, 100123, 100016, '2024-11-22 12:58:27', '2024-11-22 12:58:27');
INSERT INTO SalesOrder ([Date], TotalPrice, OrderQuantity, CarID, CustomerID, SalesPersonID, Added_On, Updated_On) VALUES ('2024-09-20', 47769.15, 1, 10133, 100184, 100018, '2024-11-22 12:58:27', '2024-11-22 12:58:27');
INSERT INTO SalesOrder ([Date], TotalPrice, OrderQuantity, CarID, CustomerID, SalesPersonID, Added_On, Updated_On) VALUES ('2024-05-19', 96459.82, 1, 10033, 100057, 100013, '2024-11-22 12:58:27', '2024-11-22 12:58:27');
INSERT INTO SalesOrder ([Date], TotalPrice, OrderQuantity, CarID, CustomerID, SalesPersonID, Added_On, Updated_On) VALUES ('2024-05-15', 99106.5, 1, 10162, 100034, 100011, '2024-11-22 12:58:27', '2024-11-22 12:58:27');
INSERT INTO SalesOrder ([Date], TotalPrice, OrderQuantity, CarID, CustomerID, SalesPersonID, Added_On, Updated_On) VALUES ('2024-02-08', 87098.24, 1, 10077, 100205, 100012, '2024-11-22 12:58:27', '2024-11-22 12:58:27');
INSERT INTO SalesOrder ([Date], TotalPrice, OrderQuantity, CarID, CustomerID, SalesPersonID, Added_On, Updated_On) VALUES ('2023-12-21', 48976.1, 1, 10197, 100112, 100007, '2024-11-22 12:58:27', '2024-11-22 12:58:27');
INSERT INTO SalesOrder ([Date], TotalPrice, OrderQuantity, CarID, CustomerID, SalesPersonID, Added_On, Updated_On) VALUES ('2024-04-06', 50911.62, 1, 10014, 100144, 100000, '2024-11-22 12:58:27', '2024-11-22 12:58:27');
INSERT INTO SalesOrder ([Date], TotalPrice, OrderQuantity, CarID, CustomerID, SalesPersonID, Added_On, Updated_On) VALUES ('2024-06-15', 64886.79, 1, 10013, 100089, 100005, '2024-11-22 12:58:27', '2024-11-22 12:58:27');
INSERT INTO SalesOrder ([Date], TotalPrice, OrderQuantity, CarID, CustomerID, SalesPersonID, Added_On, Updated_On) VALUES ('2024-11-18', 89268.73, 1, 10198, 100180, 100007, '2024-11-22 12:58:27', '2024-11-22 12:58:27');
INSERT INTO SalesOrder ([Date], TotalPrice, OrderQuantity, CarID, CustomerID, SalesPersonID, Added_On, Updated_On) VALUES ('2024-11-20', 82611.43, 1, 10192, 100095, 100004, '2024-11-22 12:58:27', '2024-11-22 12:58:27');
INSERT INTO SalesOrder ([Date], TotalPrice, OrderQuantity, CarID, CustomerID, SalesPersonID, Added_On, Updated_On) VALUES ('2024-04-29', 67891.19, 1, 10127, 100126, 100003, '2024-11-22 12:58:27', '2024-11-22 12:58:27');
INSERT INTO SalesOrder ([Date], TotalPrice, OrderQuantity, CarID, CustomerID, SalesPersonID, Added_On, Updated_On) VALUES ('2024-04-21', 99110.0, 1, 10160, 100111, 100012, '2024-11-22 12:58:27', '2024-11-22 12:58:27');
INSERT INTO SalesOrder ([Date], TotalPrice, OrderQuantity, CarID, CustomerID, SalesPersonID, Added_On, Updated_On) VALUES ('2024-01-16', 50721.64, 1, 10173, 100105, 100015, '2024-11-22 12:58:27', '2024-11-22 12:58:27');
INSERT INTO SalesOrder ([Date], TotalPrice, OrderQuantity, CarID, CustomerID, SalesPersonID, Added_On, Updated_On) VALUES ('2024-10-03', 74704.78, 1, 10150, 100091, 100007, '2024-11-22 12:58:27', '2024-11-22 12:58:27');
INSERT INTO SalesOrder ([Date], TotalPrice, OrderQuantity, CarID, CustomerID, SalesPersonID, Added_On, Updated_On) VALUES ('2024-06-08', 27782.76, 1, 10111, 100172, 100003, '2024-11-22 12:58:27', '2024-11-22 12:58:27');
INSERT INTO SalesOrder ([Date], TotalPrice, OrderQuantity, CarID, CustomerID, SalesPersonID, Added_On, Updated_On) VALUES ('2024-02-21', 39781.53, 1, 10070, 100087, 100015, '2024-11-22 12:58:27', '2024-11-22 12:58:27');
INSERT INTO SalesOrder ([Date], TotalPrice, OrderQuantity, CarID, CustomerID, SalesPersonID, Added_On, Updated_On) VALUES ('2024-04-19', 14820.69, 1, 10089, 100139, 100019, '2024-11-22 12:58:27', '2024-11-22 12:58:27');
INSERT INTO SalesOrder ([Date], TotalPrice, OrderQuantity, CarID, CustomerID, SalesPersonID, Added_On, Updated_On) VALUES ('2024-08-11', 25330.0, 1, 10174, 100069, 100018, '2024-11-22 12:58:27', '2024-11-22 12:58:27');
INSERT INTO SalesOrder ([Date], TotalPrice, OrderQuantity, CarID, CustomerID, SalesPersonID, Added_On, Updated_On) VALUES ('2024-09-01', 22810.27, 1, 10154, 100139, 100001, '2024-11-22 12:58:27', '2024-11-22 12:58:27');
INSERT INTO SalesOrder ([Date], TotalPrice, OrderQuantity, CarID, CustomerID, SalesPersonID, Added_On, Updated_On) VALUES ('2024-08-14', 73867.81, 1, 10134, 100187, 100014, '2024-11-22 12:58:27', '2024-11-22 12:58:27');
INSERT INTO SalesOrder ([Date], TotalPrice, OrderQuantity, CarID, CustomerID, SalesPersonID, Added_On, Updated_On) VALUES ('2024-07-28', 92754.23, 1, 10158, 100081, 100006, '2024-11-22 12:58:27', '2024-11-22 12:58:27');
INSERT INTO SalesOrder ([Date], TotalPrice, OrderQuantity, CarID, CustomerID, SalesPersonID, Added_On, Updated_On) VALUES ('2024-07-16', 20333.0, 1, 10031, 100175, 100000, '2024-11-22 12:58:27', '2024-11-22 12:58:27');
INSERT INTO SalesOrder ([Date], TotalPrice, OrderQuantity, CarID, CustomerID, SalesPersonID, Added_On, Updated_On) VALUES ('2024-01-16', 57147.11, 1, 10145, 100090, 100006, '2024-11-22 12:58:27', '2024-11-22 12:58:27');
INSERT INTO SalesOrder ([Date], TotalPrice, OrderQuantity, CarID, CustomerID, SalesPersonID, Added_On, Updated_On) VALUES ('2024-11-14', 65290.04, 1, 10021, 100029, 100011, '2024-11-22 12:58:27', '2024-11-22 12:58:27');
INSERT INTO SalesOrder ([Date], TotalPrice, OrderQuantity, CarID, CustomerID, SalesPersonID, Added_On, Updated_On) VALUES ('2024-10-08', 93836.59, 1, 10043, 100125, 100001, '2024-11-22 12:58:27', '2024-11-22 12:58:27');
INSERT INTO SalesOrder ([Date], TotalPrice, OrderQuantity, CarID, CustomerID, SalesPersonID, Added_On, Updated_On) VALUES ('2024-07-08', 65185.67, 1, 10108, 100033, 100003, '2024-11-22 12:58:27', '2024-11-22 12:58:27');
INSERT INTO SalesOrder ([Date], TotalPrice, OrderQuantity, CarID, CustomerID, SalesPersonID, Added_On, Updated_On) VALUES ('2023-12-21', 72537.83, 1, 10107, 100052, 100013, '2024-11-22 12:58:27', '2024-11-22 12:58:27');
INSERT INTO SalesOrder ([Date], TotalPrice, OrderQuantity, CarID, CustomerID, SalesPersonID, Added_On, Updated_On) VALUES ('2024-07-10', 13254.81, 1, 10017, 100180, 100016, '2024-11-22 12:58:27', '2024-11-22 12:58:27');
INSERT INTO SalesOrder ([Date], TotalPrice, OrderQuantity, CarID, CustomerID, SalesPersonID, Added_On, Updated_On) VALUES ('2024-01-01', 78805.19, 1, 10128, 100126, 100006, '2024-11-22 12:58:27', '2024-11-22 12:58:27');
INSERT INTO SalesOrder ([Date], TotalPrice, OrderQuantity, CarID, CustomerID, SalesPersonID, Added_On, Updated_On) VALUES ('2024-01-30', 84628.49, 1, 10163, 100208, 100007, '2024-11-22 12:58:27', '2024-11-22 12:58:27');
INSERT INTO SalesOrder ([Date], TotalPrice, OrderQuantity, CarID, CustomerID, SalesPersonID, Added_On, Updated_On) VALUES ('2024-11-01', 13767.37, 1, 10188, 100078, 100010, '2024-11-22 12:58:27', '2024-11-22 12:58:27');
INSERT INTO SalesOrder ([Date], TotalPrice, OrderQuantity, CarID, CustomerID, SalesPersonID, Added_On, Updated_On) VALUES ('2023-12-20', 14132.37, 1, 10117, 100089, 100003, '2024-11-22 12:58:27', '2024-11-22 12:58:27');
INSERT INTO SalesOrder ([Date], TotalPrice, OrderQuantity, CarID, CustomerID, SalesPersonID, Added_On, Updated_On) VALUES ('2024-02-28', 85886.46, 1, 10011, 100083, 100001, '2024-11-22 12:58:27', '2024-11-22 12:58:27');
INSERT INTO SalesOrder ([Date], TotalPrice, OrderQuantity, CarID, CustomerID, SalesPersonID, Added_On, Updated_On) VALUES ('2024-03-15', 44998.88, 1, 10004, 100214, 100002, '2024-11-22 12:58:27', '2024-11-22 12:58:27');
INSERT INTO SalesOrder ([Date], TotalPrice, OrderQuantity, CarID, CustomerID, SalesPersonID, Added_On, Updated_On) VALUES ('2024-05-07', 99636.0, 1, 10153, 100113, 100014, '2024-11-22 12:58:27', '2024-11-22 12:58:27');
INSERT INTO SalesOrder ([Date], TotalPrice, OrderQuantity, CarID, CustomerID, SalesPersonID, Added_On, Updated_On) VALUES ('2024-04-04', 76221.07, 1, 10002, 100172, 100000, '2024-11-22 12:58:27', '2024-11-22 12:58:27');
INSERT INTO SalesOrder ([Date], TotalPrice, OrderQuantity, CarID, CustomerID, SalesPersonID, Added_On, Updated_On) VALUES ('2024-02-05', 53406.69, 1, 10120, 100066, 100015, '2024-11-22 12:58:27', '2024-11-22 12:58:27');
INSERT INTO SalesOrder ([Date], TotalPrice, OrderQuantity, CarID, CustomerID, SalesPersonID, Added_On, Updated_On) VALUES ('2024-05-18', 81270.57, 1, 10009, 100191, 100010, '2024-11-22 12:58:27', '2024-11-22 12:58:27');
INSERT INTO SalesOrder ([Date], TotalPrice, OrderQuantity, CarID, CustomerID, SalesPersonID, Added_On, Updated_On) VALUES ('2024-06-13', 12027.7, 1, 10066, 100070, 100001, '2024-11-22 12:58:27', '2024-11-22 12:58:27');
INSERT INTO SalesOrder ([Date], TotalPrice, OrderQuantity, CarID, CustomerID, SalesPersonID, Added_On, Updated_On) VALUES ('2024-06-25', 97815.76, 1, 10125, 100114, 100007, '2024-11-22 12:58:27', '2024-11-22 12:58:27');
INSERT INTO SalesOrder ([Date], TotalPrice, OrderQuantity, CarID, CustomerID, SalesPersonID, Added_On, Updated_On) VALUES ('2024-09-19', 46971.49, 1, 10168, 100117, 100002, '2024-11-22 12:58:27', '2024-11-22 12:58:27');
INSERT INTO SalesOrder ([Date], TotalPrice, OrderQuantity, CarID, CustomerID, SalesPersonID, Added_On, Updated_On) VALUES ('2024-05-13', 92628.87, 1, 10187, 100059, 100002, '2024-11-22 12:58:27', '2024-11-22 12:58:27');
INSERT INTO SalesOrder ([Date], TotalPrice, OrderQuantity, CarID, CustomerID, SalesPersonID, Added_On, Updated_On) VALUES ('2024-07-05', 82503.48, 1, 10074, 100022, 100016, '2024-11-22 12:58:27', '2024-11-22 12:58:27');
INSERT INTO SalesOrder ([Date], TotalPrice, OrderQuantity, CarID, CustomerID, SalesPersonID, Added_On, Updated_On) VALUES ('2024-09-24', 54446.63, 1, 10190, 100197, 100001, '2024-11-22 12:58:27', '2024-11-22 12:58:27');
INSERT INTO SalesOrder ([Date], TotalPrice, OrderQuantity, CarID, CustomerID, SalesPersonID, Added_On, Updated_On) VALUES ('2024-03-18', 89874.81, 1, 10185, 100087, 100007, '2024-11-22 12:58:27', '2024-11-22 12:58:27');
INSERT INTO SalesOrder ([Date], TotalPrice, OrderQuantity, CarID, CustomerID, SalesPersonID, Added_On, Updated_On) VALUES ('2024-04-21', 83355.51, 1, 10116, 100166, 100008, '2024-11-22 12:58:27', '2024-11-22 12:58:27');
INSERT INTO SalesOrder ([Date], TotalPrice, OrderQuantity, CarID, CustomerID, SalesPersonID, Added_On, Updated_On) VALUES ('2024-01-04', 61125.54, 1, 10041, 100156, 100019, '2024-11-22 12:58:27', '2024-11-22 12:58:27');
INSERT INTO SalesOrder ([Date], TotalPrice, OrderQuantity, CarID, CustomerID, SalesPersonID, Added_On, Updated_On) VALUES ('2024-07-04', 66341.71, 1, 10051, 100093, 100003, '2024-11-22 12:58:27', '2024-11-22 12:58:27');
INSERT INTO SalesOrder ([Date], TotalPrice, OrderQuantity, CarID, CustomerID, SalesPersonID, Added_On, Updated_On) VALUES ('2024-11-03', 98304.36, 1, 10055, 100102, 100005, '2024-11-22 12:58:27', '2024-11-22 12:58:27');
INSERT INTO SalesOrder ([Date], TotalPrice, OrderQuantity, CarID, CustomerID, SalesPersonID, Added_On, Updated_On) VALUES ('2024-02-18', 18325.91, 1, 10003, 100024, 100011, '2024-11-22 12:58:27', '2024-11-22 12:58:27');
INSERT INTO SalesOrder ([Date], TotalPrice, OrderQuantity, CarID, CustomerID, SalesPersonID, Added_On, Updated_On) VALUES ('2024-07-30', 97330.81, 1, 10039, 100213, 100003, '2024-11-22 12:58:27', '2024-11-22 12:58:27');
INSERT INTO SalesOrder ([Date], TotalPrice, OrderQuantity, CarID, CustomerID, SalesPersonID, Added_On, Updated_On) VALUES ('2024-07-11', 32462.04, 1, 10166, 100083, 100013, '2024-11-22 12:58:27', '2024-11-22 12:58:27');
INSERT INTO SalesOrder ([Date], TotalPrice, OrderQuantity, CarID, CustomerID, SalesPersonID, Added_On, Updated_On) VALUES ('2024-05-28', 62910.06, 1, 10119, 100106, 100005, '2024-11-22 12:58:27', '2024-11-22 12:58:27');
INSERT INTO SalesOrder ([Date], TotalPrice, OrderQuantity, CarID, CustomerID, SalesPersonID, Added_On, Updated_On) VALUES ('2024-04-17', 18166.85, 1, 10115, 100145, 100009, '2024-11-22 12:58:27', '2024-11-22 12:58:27');
INSERT INTO SalesOrder ([Date], TotalPrice, OrderQuantity, CarID, CustomerID, SalesPersonID, Added_On, Updated_On) VALUES ('2023-12-26', 61675.84, 1, 10083, 100177, 100001, '2024-11-22 12:58:27', '2024-11-22 12:58:27');
INSERT INTO SalesOrder ([Date], TotalPrice, OrderQuantity, CarID, CustomerID, SalesPersonID, Added_On, Updated_On) VALUES ('2024-08-07', 25657.36, 1, 10144, 100132, 100005, '2024-11-22 12:58:27', '2024-11-22 12:58:27');
INSERT INTO SalesOrder ([Date], TotalPrice, OrderQuantity, CarID, CustomerID, SalesPersonID, Added_On, Updated_On) VALUES ('2024-05-01', 61753.43, 1, 10106, 100163, 100004, '2024-11-22 12:58:27', '2024-11-22 12:58:27');
INSERT INTO SalesOrder ([Date], TotalPrice, OrderQuantity, CarID, CustomerID, SalesPersonID, Added_On, Updated_On) VALUES ('2024-10-19', 93878.54, 1, 10029, 100171, 100015, '2024-11-22 12:58:27', '2024-11-22 12:58:27');
INSERT INTO SalesOrder ([Date], TotalPrice, OrderQuantity, CarID, CustomerID, SalesPersonID, Added_On, Updated_On) VALUES ('2024-07-05', 25903.54, 1, 10059, 100065, 100015, '2024-11-22 12:58:27', '2024-11-22 12:58:27');
INSERT INTO SalesOrder ([Date], TotalPrice, OrderQuantity, CarID, CustomerID, SalesPersonID, Added_On, Updated_On) VALUES ('2024-03-01', 85987.05, 1, 10064, 100143, 100008, '2024-11-22 12:58:27', '2024-11-22 12:58:27');
INSERT INTO SalesOrder ([Date], TotalPrice, OrderQuantity, CarID, CustomerID, SalesPersonID, Added_On, Updated_On) VALUES ('2024-02-12', 53286.44, 1, 10165, 100170, 100006, '2024-11-22 12:58:27', '2024-11-22 12:58:27');
INSERT INTO SalesOrder ([Date], TotalPrice, OrderQuantity, CarID, CustomerID, SalesPersonID, Added_On, Updated_On) VALUES ('2024-08-23', 81177.13, 1, 10199, 100191, 100014, '2024-11-22 12:58:27', '2024-11-22 12:58:27');
INSERT INTO SalesOrder ([Date], TotalPrice, OrderQuantity, CarID, CustomerID, SalesPersonID, Added_On, Updated_On) VALUES ('2023-11-25', 44434.52, 1, 10049, 100025, 100004, '2024-11-22 12:58:27', '2024-11-22 12:58:27');
INSERT INTO SalesOrder ([Date], TotalPrice, OrderQuantity, CarID, CustomerID, SalesPersonID, Added_On, Updated_On) VALUES ('2023-12-20', 27240.58, 1, 10000, 100020, 100018, '2024-11-22 12:58:27', '2024-11-22 12:58:27');
INSERT INTO SalesOrder ([Date], TotalPrice, OrderQuantity, CarID, CustomerID, SalesPersonID, Added_On, Updated_On) VALUES ('2024-07-06', 81045.32, 1, 10156, 100068, 100005, '2024-11-22 12:58:27', '2024-11-22 12:58:27');
INSERT INTO SalesOrder ([Date], TotalPrice, OrderQuantity, CarID, CustomerID, SalesPersonID, Added_On, Updated_On) VALUES ('2024-08-23', 82149.71, 1, 10123, 100159, 100007, '2024-11-22 12:58:27', '2024-11-22 12:58:27');
INSERT INTO SalesOrder ([Date], TotalPrice, OrderQuantity, CarID, CustomerID, SalesPersonID, Added_On, Updated_On) VALUES ('2024-10-22', 82473.13, 1, 10080, 100149, 100018, '2024-11-22 12:58:27', '2024-11-22 12:58:27');
INSERT INTO SalesOrder ([Date], TotalPrice, OrderQuantity, CarID, CustomerID, SalesPersonID, Added_On, Updated_On) VALUES ('2023-12-12', 83419.03, 1, 10102, 100024, 100010, '2024-11-22 12:58:27', '2024-11-22 12:58:27');
INSERT INTO SalesOrder ([Date], TotalPrice, OrderQuantity, CarID, CustomerID, SalesPersonID, Added_On, Updated_On) VALUES ('2024-09-14', 99102.59, 1, 10124, 100081, 100010, '2024-11-22 12:58:27', '2024-11-22 12:58:27');
INSERT INTO SalesOrder ([Date], TotalPrice, OrderQuantity, CarID, CustomerID, SalesPersonID, Added_On, Updated_On) VALUES ('2023-11-25', 28667.31, 1, 10122, 100030, 100006, '2024-11-22 12:58:27', '2024-11-22 12:58:27');
INSERT INTO SalesOrder ([Date], TotalPrice, OrderQuantity, CarID, CustomerID, SalesPersonID, Added_On, Updated_On) VALUES ('2024-01-12', 63952.06, 1, 10101, 100106, 100009, '2024-11-22 12:58:27', '2024-11-22 12:58:27');
INSERT INTO SalesOrder ([Date], TotalPrice, OrderQuantity, CarID, CustomerID, SalesPersonID, Added_On, Updated_On) VALUES ('2024-10-25', 20976.17, 1, 10036, 100190, 100004, '2024-11-22 12:58:27', '2024-11-22 12:58:27');
INSERT INTO SalesOrder ([Date], TotalPrice, OrderQuantity, CarID, CustomerID, SalesPersonID, Added_On, Updated_On) VALUES ('2024-07-12', 64593.7, 1, 10065, 100083, 100004, '2024-11-22 12:58:27', '2024-11-22 12:58:27');


-- Insert statements for Payments
INSERT INTO Payments (Amount, PaymentDate, PaymentMethod, OrderID) VALUES (14761.29, '2024-01-29', 'Credit', 379);
INSERT INTO Payments (Amount, PaymentDate, PaymentMethod, OrderID) VALUES (62717.89, '2024-11-17', 'Online', 378);
INSERT INTO Payments (Amount, PaymentDate, PaymentMethod, OrderID) VALUES (72281.34, '2024-02-11', 'Credit', 377);
INSERT INTO Payments (Amount, PaymentDate, PaymentMethod, OrderID) VALUES (43679.51, '2024-11-15', 'Debit', 376);
INSERT INTO Payments (Amount, PaymentDate, PaymentMethod, OrderID) VALUES (56513.82, '2024-11-12', 'Online', 375);
INSERT INTO Payments (Amount, PaymentDate, PaymentMethod, OrderID) VALUES (90397.89, '2024-09-14', 'Debit', 374);
INSERT INTO Payments (Amount, PaymentDate, PaymentMethod, OrderID) VALUES (24569.75, '2024-08-02', 'Cash', 373);
INSERT INTO Payments (Amount, PaymentDate, PaymentMethod, OrderID) VALUES (82288.66, '2024-07-04', 'Credit', 372);
INSERT INTO Payments (Amount, PaymentDate, PaymentMethod, OrderID) VALUES (63960.96, '2024-09-13', 'Debit', 371);
INSERT INTO Payments (Amount, PaymentDate, PaymentMethod, OrderID) VALUES (59618.71, '2024-09-26', 'Credit', 370);
INSERT INTO Payments (Amount, PaymentDate, PaymentMethod, OrderID) VALUES (91754.65, '2024-07-20', 'Debit', 369);
INSERT INTO Payments (Amount, PaymentDate, PaymentMethod, OrderID) VALUES (83243.44, '2024-07-02', 'Credit', 368);
INSERT INTO Payments (Amount, PaymentDate, PaymentMethod, OrderID) VALUES (60753.84, '2024-02-26', 'Credit', 367);
INSERT INTO Payments (Amount, PaymentDate, PaymentMethod, OrderID) VALUES (23960.08, '2024-09-16', 'Online', 366);
INSERT INTO Payments (Amount, PaymentDate, PaymentMethod, OrderID) VALUES (90861.61, '2024-10-31', 'Cash', 365);
INSERT INTO Payments (Amount, PaymentDate, PaymentMethod, OrderID) VALUES (53939.9, '2024-10-20', 'Online', 364);
INSERT INTO Payments (Amount, PaymentDate, PaymentMethod, OrderID) VALUES (27118.28, '2024-07-06', 'Cash', 363);
INSERT INTO Payments (Amount, PaymentDate, PaymentMethod, OrderID) VALUES (32250.82, '2024-08-19', 'Cash', 362);
INSERT INTO Payments (Amount, PaymentDate, PaymentMethod, OrderID) VALUES (12919.0, '2024-03-26', 'Cash', 361);
INSERT INTO Payments (Amount, PaymentDate, PaymentMethod, OrderID) VALUES (24080.67, '2024-09-08', 'Online', 360);
INSERT INTO Payments (Amount, PaymentDate, PaymentMethod, OrderID) VALUES (13059.59, '2024-06-22', 'Cash', 359);
INSERT INTO Payments (Amount, PaymentDate, PaymentMethod, OrderID) VALUES (95752.04, '2024-03-13', 'Debit', 358);
INSERT INTO Payments (Amount, PaymentDate, PaymentMethod, OrderID) VALUES (15479.26, '2024-10-02', 'Debit', 357);
INSERT INTO Payments (Amount, PaymentDate, PaymentMethod, OrderID) VALUES (76651.16, '2024-09-15', 'Credit', 356);
INSERT INTO Payments (Amount, PaymentDate, PaymentMethod, OrderID) VALUES (51448.34, '2024-08-18', 'Debit', 355);
INSERT INTO Payments (Amount, PaymentDate, PaymentMethod, OrderID) VALUES (86965.67, '2024-03-23', 'Cash', 354);
INSERT INTO Payments (Amount, PaymentDate, PaymentMethod, OrderID) VALUES (82423.08, '2024-06-14', 'Online', 353);
INSERT INTO Payments (Amount, PaymentDate, PaymentMethod, OrderID) VALUES (67705.46, '2023-12-27', 'Cash', 352);
INSERT INTO Payments (Amount, PaymentDate, PaymentMethod, OrderID) VALUES (57941.95, '2024-06-17', 'Online', 351);
INSERT INTO Payments (Amount, PaymentDate, PaymentMethod, OrderID) VALUES (34494.55, '2024-06-24', 'Online', 350);
INSERT INTO Payments (Amount, PaymentDate, PaymentMethod, OrderID) VALUES (30727.12, '2023-12-25', 'Cash', 349);
INSERT INTO Payments (Amount, PaymentDate, PaymentMethod, OrderID) VALUES (36873.73, '2024-02-10', 'Credit', 348);
INSERT INTO Payments (Amount, PaymentDate, PaymentMethod, OrderID) VALUES (70602.28, '2024-04-18', 'Credit', 347);
INSERT INTO Payments (Amount, PaymentDate, PaymentMethod, OrderID) VALUES (39338.74, '2024-06-11', 'Credit', 346);
INSERT INTO Payments (Amount, PaymentDate, PaymentMethod, OrderID) VALUES (51395.14, '2024-09-23', 'Debit', 345);
INSERT INTO Payments (Amount, PaymentDate, PaymentMethod, OrderID) VALUES (32941.8, '2024-08-16', 'Online', 344);
INSERT INTO Payments (Amount, PaymentDate, PaymentMethod, OrderID) VALUES (56687.9, '2024-05-20', 'Cash', 343);
INSERT INTO Payments (Amount, PaymentDate, PaymentMethod, OrderID) VALUES (27014.67, '2024-03-16', 'Debit', 342);
INSERT INTO Payments (Amount, PaymentDate, PaymentMethod, OrderID) VALUES (96155.44, '2024-09-21', 'Cash', 341);
INSERT INTO Payments (Amount, PaymentDate, PaymentMethod, OrderID) VALUES (97389.39, '2024-10-24', 'Online', 340);
INSERT INTO Payments (Amount, PaymentDate, PaymentMethod, OrderID) VALUES (41584.08, '2024-01-09', 'Online', 339);
INSERT INTO Payments (Amount, PaymentDate, PaymentMethod, OrderID) VALUES (74050.54, '2024-02-16', 'Debit', 338);
INSERT INTO Payments (Amount, PaymentDate, PaymentMethod, OrderID) VALUES (69773.9, '2024-09-05', 'Cash', 337);
INSERT INTO Payments (Amount, PaymentDate, PaymentMethod, OrderID) VALUES (37985.93, '2024-06-05', 'Debit', 336);
INSERT INTO Payments (Amount, PaymentDate, PaymentMethod, OrderID) VALUES (94286.34, '2024-03-31', 'Debit', 335);
INSERT INTO Payments (Amount, PaymentDate, PaymentMethod, OrderID) VALUES (60928.84, '2024-05-29', 'Cash', 334);
INSERT INTO Payments (Amount, PaymentDate, PaymentMethod, OrderID) VALUES (51057.75, '2024-06-18', 'Debit', 333);
INSERT INTO Payments (Amount, PaymentDate, PaymentMethod, OrderID) VALUES (13625.22, '2024-01-15', 'Credit', 332);
INSERT INTO Payments (Amount, PaymentDate, PaymentMethod, OrderID) VALUES (60624.01, '2024-03-18', 'Debit', 331);
INSERT INTO Payments (Amount, PaymentDate, PaymentMethod, OrderID) VALUES (30430.29, '2024-03-18', 'Cash', 330);
INSERT INTO Payments (Amount, PaymentDate, PaymentMethod, OrderID) VALUES (41312.65, '2023-11-24', 'Cash', 329);
INSERT INTO Payments (Amount, PaymentDate, PaymentMethod, OrderID) VALUES (91175.39, '2024-03-01', 'Cash', 328);
INSERT INTO Payments (Amount, PaymentDate, PaymentMethod, OrderID) VALUES (85524.66, '2024-10-06', 'Online', 327);
INSERT INTO Payments (Amount, PaymentDate, PaymentMethod, OrderID) VALUES (62437.15, '2024-05-23', 'Credit', 326);
INSERT INTO Payments (Amount, PaymentDate, PaymentMethod, OrderID) VALUES (80972.52, '2024-05-14', 'Debit', 325);
INSERT INTO Payments (Amount, PaymentDate, PaymentMethod, OrderID) VALUES (33650.54, '2024-05-12', 'Debit', 324);
INSERT INTO Payments (Amount, PaymentDate, PaymentMethod, OrderID) VALUES (81432.3, '2023-12-28', 'Online', 323);
INSERT INTO Payments (Amount, PaymentDate, PaymentMethod, OrderID) VALUES (13702.52, '2023-12-13', 'Cash', 322);
INSERT INTO Payments (Amount, PaymentDate, PaymentMethod, OrderID) VALUES (36516.73, '2024-08-22', 'Cash', 321);
INSERT INTO Payments (Amount, PaymentDate, PaymentMethod, OrderID) VALUES (62594.85, '2024-11-16', 'Credit', 320);
INSERT INTO Payments (Amount, PaymentDate, PaymentMethod, OrderID) VALUES (66734.45, '2024-05-21', 'Cash', 319);
INSERT INTO Payments (Amount, PaymentDate, PaymentMethod, OrderID) VALUES (72794.59, '2024-10-09', 'Online', 318);
INSERT INTO Payments (Amount, PaymentDate, PaymentMethod, OrderID) VALUES (98953.75, '2024-06-28', 'Debit', 317);
INSERT INTO Payments (Amount, PaymentDate, PaymentMethod, OrderID) VALUES (41894.76, '2024-10-01', 'Online', 316);
INSERT INTO Payments (Amount, PaymentDate, PaymentMethod, OrderID) VALUES (35624.84, '2024-09-25', 'Cash', 315);
INSERT INTO Payments (Amount, PaymentDate, PaymentMethod, OrderID) VALUES (67764.24, '2024-04-20', 'Cash', 314);
INSERT INTO Payments (Amount, PaymentDate, PaymentMethod, OrderID) VALUES (99135.67, '2024-10-31', 'Online', 313);
INSERT INTO Payments (Amount, PaymentDate, PaymentMethod, OrderID) VALUES (25042.1, '2024-05-25', 'Debit', 312);
INSERT INTO Payments (Amount, PaymentDate, PaymentMethod, OrderID) VALUES (81204.37, '2024-06-16', 'Credit', 311);
INSERT INTO Payments (Amount, PaymentDate, PaymentMethod, OrderID) VALUES (70380.91, '2023-12-14', 'Debit', 310);
INSERT INTO Payments (Amount, PaymentDate, PaymentMethod, OrderID) VALUES (57214.03, '2024-06-08', 'Online', 309);
INSERT INTO Payments (Amount, PaymentDate, PaymentMethod, OrderID) VALUES (70646.21, '2024-09-26', 'Cash', 308);
INSERT INTO Payments (Amount, PaymentDate, PaymentMethod, OrderID) VALUES (13878.27, '2024-01-02', 'Cash', 307);
INSERT INTO Payments (Amount, PaymentDate, PaymentMethod, OrderID) VALUES (66102.86, '2024-09-30', 'Debit', 306);
INSERT INTO Payments (Amount, PaymentDate, PaymentMethod, OrderID) VALUES (24940.51, '2024-07-25', 'Debit', 305);
INSERT INTO Payments (Amount, PaymentDate, PaymentMethod, OrderID) VALUES (87926.96, '2024-02-02', 'Cash', 304);
INSERT INTO Payments (Amount, PaymentDate, PaymentMethod, OrderID) VALUES (88889.66, '2024-04-24', 'Credit', 303);
INSERT INTO Payments (Amount, PaymentDate, PaymentMethod, OrderID) VALUES (87047.56, '2024-06-06', 'Credit', 302);
INSERT INTO Payments (Amount, PaymentDate, PaymentMethod, OrderID) VALUES (43924.63, '2024-04-13', 'Online', 301);
INSERT INTO Payments (Amount, PaymentDate, PaymentMethod, OrderID) VALUES (93431.78, '2024-10-14', 'Credit', 300);
INSERT INTO Payments (Amount, PaymentDate, PaymentMethod, OrderID) VALUES (98274.66, '2024-07-16', 'Debit', 299);
INSERT INTO Payments (Amount, PaymentDate, PaymentMethod, OrderID) VALUES (42808.4, '2024-06-05', 'Credit', 298);
INSERT INTO Payments (Amount, PaymentDate, PaymentMethod, OrderID) VALUES (87925.85, '2024-08-31', 'Credit', 297);
INSERT INTO Payments (Amount, PaymentDate, PaymentMethod, OrderID) VALUES (75763.59, '2023-12-18', 'Online', 296);
INSERT INTO Payments (Amount, PaymentDate, PaymentMethod, OrderID) VALUES (35046.86, '2024-07-07', 'Debit', 295);
INSERT INTO Payments (Amount, PaymentDate, PaymentMethod, OrderID) VALUES (73978.62, '2024-05-28', 'Online', 294);
INSERT INTO Payments (Amount, PaymentDate, PaymentMethod, OrderID) VALUES (86846.04, '2024-06-26', 'Credit', 293);
INSERT INTO Payments (Amount, PaymentDate, PaymentMethod, OrderID) VALUES (88637.29, '2023-11-28', 'Debit', 292);
INSERT INTO Payments (Amount, PaymentDate, PaymentMethod, OrderID) VALUES (73666.78, '2024-10-05', 'Credit', 291);
INSERT INTO Payments (Amount, PaymentDate, PaymentMethod, OrderID) VALUES (60976.37, '2024-08-18', 'Debit', 290);
INSERT INTO Payments (Amount, PaymentDate, PaymentMethod, OrderID) VALUES (26630.06, '2023-12-22', 'Cash', 289);
INSERT INTO Payments (Amount, PaymentDate, PaymentMethod, OrderID) VALUES (98741.01, '2024-04-08', 'Credit', 288);
INSERT INTO Payments (Amount, PaymentDate, PaymentMethod, OrderID) VALUES (63489.25, '2024-04-13', 'Online', 287);
INSERT INTO Payments (Amount, PaymentDate, PaymentMethod, OrderID) VALUES (75658.01, '2024-08-27', 'Debit', 286);
INSERT INTO Payments (Amount, PaymentDate, PaymentMethod, OrderID) VALUES (86222.81, '2024-06-20', 'Debit', 285);
INSERT INTO Payments (Amount, PaymentDate, PaymentMethod, OrderID) VALUES (45315.64, '2024-05-20', 'Credit', 284);
INSERT INTO Payments (Amount, PaymentDate, PaymentMethod, OrderID) VALUES (98716.39, '2024-09-04', 'Debit', 283);
INSERT INTO Payments (Amount, PaymentDate, PaymentMethod, OrderID) VALUES (21887.98, '2024-06-27', 'Credit', 282);
INSERT INTO Payments (Amount, PaymentDate, PaymentMethod, OrderID) VALUES (43769.47, '2024-01-08', 'Debit', 281);
INSERT INTO Payments (Amount, PaymentDate, PaymentMethod, OrderID) VALUES (30317.86, '2024-10-26', 'Online', 280);
INSERT INTO Payments (Amount, PaymentDate, PaymentMethod, OrderID) VALUES (66736.79, '2024-09-11', 'Cash', 279);
INSERT INTO Payments (Amount, PaymentDate, PaymentMethod, OrderID) VALUES (20223.69, '2024-01-12', 'Debit', 278);
INSERT INTO Payments (Amount, PaymentDate, PaymentMethod, OrderID) VALUES (40440.85, '2024-05-23', 'Cash', 277);
INSERT INTO Payments (Amount, PaymentDate, PaymentMethod, OrderID) VALUES (48487.5, '2024-02-27', 'Online', 276);
INSERT INTO Payments (Amount, PaymentDate, PaymentMethod, OrderID) VALUES (18560.85, '2024-02-06', 'Debit', 275);
INSERT INTO Payments (Amount, PaymentDate, PaymentMethod, OrderID) VALUES (82735.02, '2024-08-06', 'Credit', 274);
INSERT INTO Payments (Amount, PaymentDate, PaymentMethod, OrderID) VALUES (62570.14, '2024-03-07', 'Cash', 273);
INSERT INTO Payments (Amount, PaymentDate, PaymentMethod, OrderID) VALUES (60706.6, '2024-02-27', 'Cash', 272);
INSERT INTO Payments (Amount, PaymentDate, PaymentMethod, OrderID) VALUES (67380.05, '2024-11-10', 'Cash', 271);
INSERT INTO Payments (Amount, PaymentDate, PaymentMethod, OrderID) VALUES (85255.33, '2023-11-30', 'Cash', 270);
INSERT INTO Payments (Amount, PaymentDate, PaymentMethod, OrderID) VALUES (13623.36, '2024-09-28', 'Online', 269);
INSERT INTO Payments (Amount, PaymentDate, PaymentMethod, OrderID) VALUES (54343.6, '2024-03-05', 'Online', 268);
INSERT INTO Payments (Amount, PaymentDate, PaymentMethod, OrderID) VALUES (59595.6, '2024-06-27', 'Online', 267);
INSERT INTO Payments (Amount, PaymentDate, PaymentMethod, OrderID) VALUES (13139.39, '2024-07-19', 'Cash', 266);
INSERT INTO Payments (Amount, PaymentDate, PaymentMethod, OrderID) VALUES (32882.79, '2024-02-21', 'Cash', 265);
INSERT INTO Payments (Amount, PaymentDate, PaymentMethod, OrderID) VALUES (65868.02, '2024-02-04', 'Online', 264);
INSERT INTO Payments (Amount, PaymentDate, PaymentMethod, OrderID) VALUES (48730.13, '2024-04-20', 'Credit', 263);
INSERT INTO Payments (Amount, PaymentDate, PaymentMethod, OrderID) VALUES (90186.04, '2023-12-20', 'Credit', 262);
INSERT INTO Payments (Amount, PaymentDate, PaymentMethod, OrderID) VALUES (96973.74, '2023-12-24', 'Credit', 261);
INSERT INTO Payments (Amount, PaymentDate, PaymentMethod, OrderID) VALUES (22807.47, '2024-01-29', 'Credit', 260);
INSERT INTO Payments (Amount, PaymentDate, PaymentMethod, OrderID) VALUES (34246.59, '2024-02-28', 'Online', 259);
INSERT INTO Payments (Amount, PaymentDate, PaymentMethod, OrderID) VALUES (23181.56, '2024-09-26', 'Credit', 258);
INSERT INTO Payments (Amount, PaymentDate, PaymentMethod, OrderID) VALUES (31424.41, '2024-09-16', 'Debit', 257);
INSERT INTO Payments (Amount, PaymentDate, PaymentMethod, OrderID) VALUES (93120.56, '2024-07-02', 'Debit', 256);
INSERT INTO Payments (Amount, PaymentDate, PaymentMethod, OrderID) VALUES (91019.32, '2024-07-28', 'Debit', 255);
INSERT INTO Payments (Amount, PaymentDate, PaymentMethod, OrderID) VALUES (56301.04, '2024-01-28', 'Credit', 254);
INSERT INTO Payments (Amount, PaymentDate, PaymentMethod, OrderID) VALUES (27687.11, '2024-07-26', 'Cash', 253);
INSERT INTO Payments (Amount, PaymentDate, PaymentMethod, OrderID) VALUES (96037.83, '2024-09-20', 'Online', 252);
INSERT INTO Payments (Amount, PaymentDate, PaymentMethod, OrderID) VALUES (33558.49, '2024-08-21', 'Cash', 251);
INSERT INTO Payments (Amount, PaymentDate, PaymentMethod, OrderID) VALUES (69026.65, '2024-11-11', 'Online', 250);
INSERT INTO Payments (Amount, PaymentDate, PaymentMethod, OrderID) VALUES (43092.49, '2024-01-13', 'Online', 249);
INSERT INTO Payments (Amount, PaymentDate, PaymentMethod, OrderID) VALUES (82412.53, '2024-09-29', 'Online', 248);
INSERT INTO Payments (Amount, PaymentDate, PaymentMethod, OrderID) VALUES (75147.54, '2024-08-21', 'Cash', 247);
INSERT INTO Payments (Amount, PaymentDate, PaymentMethod, OrderID) VALUES (70463.12, '2023-11-29', 'Debit', 246);
INSERT INTO Payments (Amount, PaymentDate, PaymentMethod, OrderID) VALUES (18508.88, '2023-12-29', 'Online', 245);
INSERT INTO Payments (Amount, PaymentDate, PaymentMethod, OrderID) VALUES (59722.71, '2024-03-27', 'Online', 244);
INSERT INTO Payments (Amount, PaymentDate, PaymentMethod, OrderID) VALUES (65325.79, '2024-05-13', 'Cash', 243);
INSERT INTO Payments (Amount, PaymentDate, PaymentMethod, OrderID) VALUES (59196.53, '2024-01-12', 'Debit', 242);
INSERT INTO Payments (Amount, PaymentDate, PaymentMethod, OrderID) VALUES (93843.57, '2024-01-12', 'Debit', 241);



-- Insert statements for Financing
INSERT INTO Financing (OrderID, FinancerID, NumberOfInstallments, InterestRate, InstallmentAmount) VALUES (201, 102, 36, 5.35, 2345.62);
INSERT INTO Financing (OrderID, FinancerID, NumberOfInstallments, InterestRate, InstallmentAmount) VALUES (202, 110, 13, 5.02, 1231.66);
INSERT INTO Financing (OrderID, FinancerID, NumberOfInstallments, InterestRate, InstallmentAmount) VALUES (203, 115, 13, 5.26, 1383.96);
INSERT INTO Financing (OrderID, FinancerID, NumberOfInstallments, InterestRate, InstallmentAmount) VALUES (204, 115, 31, 5.67, 812.63);
INSERT INTO Financing (OrderID, FinancerID, NumberOfInstallments, InterestRate, InstallmentAmount) VALUES (205, 118, 45, 2.47, 1074.61);
INSERT INTO Financing (OrderID, FinancerID, NumberOfInstallments, InterestRate, InstallmentAmount) VALUES (206, 108, 6, 8.17, 17399.12);
INSERT INTO Financing (OrderID, FinancerID, NumberOfInstallments, InterestRate, InstallmentAmount) VALUES (207, 106, 37, 5.61, 1467.41);
INSERT INTO Financing (OrderID, FinancerID, NumberOfInstallments, InterestRate, InstallmentAmount) VALUES (208, 106, 50, 2.58, 1336.92);
INSERT INTO Financing (OrderID, FinancerID, NumberOfInstallments, InterestRate, InstallmentAmount) VALUES (209, 106, 50, 7.44, 1188.88);
INSERT INTO Financing (OrderID, FinancerID, NumberOfInstallments, InterestRate, InstallmentAmount) VALUES (210, 117, 52, 9.61, 1040.31);
INSERT INTO Financing (OrderID, FinancerID, NumberOfInstallments, InterestRate, InstallmentAmount) VALUES (211, 119, 10, 8.44, 5763.39);
INSERT INTO Financing (OrderID, FinancerID, NumberOfInstallments, InterestRate, InstallmentAmount) VALUES (212, 113, 9, 5.41, 11503.82);
INSERT INTO Financing (OrderID, FinancerID, NumberOfInstallments, InterestRate, InstallmentAmount) VALUES (213, 100, 50, 7.63, 1674.34);
INSERT INTO Financing (OrderID, FinancerID, NumberOfInstallments, InterestRate, InstallmentAmount) VALUES (214, 102, 20, 4.41, 3537.85);
INSERT INTO Financing (OrderID, FinancerID, NumberOfInstallments, InterestRate, InstallmentAmount) VALUES (215, 114, 43, 3.01, 1350.13);
INSERT INTO Financing (OrderID, FinancerID, NumberOfInstallments, InterestRate, InstallmentAmount) VALUES (216, 101, 29, 2.55, 599.76);
INSERT INTO Financing (OrderID, FinancerID, NumberOfInstallments, InterestRate, InstallmentAmount) VALUES (217, 101, 55, 3.45, 859.75);
INSERT INTO Financing (OrderID, FinancerID, NumberOfInstallments, InterestRate, InstallmentAmount) VALUES (218, 103, 30, 6.84, 711.11);
INSERT INTO Financing (OrderID, FinancerID, NumberOfInstallments, InterestRate, InstallmentAmount) VALUES (219, 117, 28, 8.92, 1903.57);
INSERT INTO Financing (OrderID, FinancerID, NumberOfInstallments, InterestRate, InstallmentAmount) VALUES (220, 115, 36, 8.24, 846.47);
INSERT INTO Financing (OrderID, FinancerID, NumberOfInstallments, InterestRate, InstallmentAmount) VALUES (221, 107, 12, 3.15, 7236.32);
INSERT INTO Financing (OrderID, FinancerID, NumberOfInstallments, InterestRate, InstallmentAmount) VALUES (222, 112, 51, 1.07, 857.9);
INSERT INTO Financing (OrderID, FinancerID, NumberOfInstallments, InterestRate, InstallmentAmount) VALUES (223, 113, 28, 8.17, 2656.83);
INSERT INTO Financing (OrderID, FinancerID, NumberOfInstallments, InterestRate, InstallmentAmount) VALUES (224, 106, 39, 1.65, 1807.1);
INSERT INTO Financing (OrderID, FinancerID, NumberOfInstallments, InterestRate, InstallmentAmount) VALUES (225, 118, 37, 3.45, 629.58);
INSERT INTO Financing (OrderID, FinancerID, NumberOfInstallments, InterestRate, InstallmentAmount) VALUES (226, 108, 14, 6.29, 6865.0);
INSERT INTO Financing (OrderID, FinancerID, NumberOfInstallments, InterestRate, InstallmentAmount) VALUES (227, 102, 54, 7.03, 1922.56);
INSERT INTO Financing (OrderID, FinancerID, NumberOfInstallments, InterestRate, InstallmentAmount) VALUES (228, 112, 54, 1.32, 1414.13);
INSERT INTO Financing (OrderID, FinancerID, NumberOfInstallments, InterestRate, InstallmentAmount) VALUES (229, 109, 45, 3.04, 1414.17);
INSERT INTO Financing (OrderID, FinancerID, NumberOfInstallments, InterestRate, InstallmentAmount) VALUES (230, 119, 52, 1.13, 541.97);
INSERT INTO Financing (OrderID, FinancerID, NumberOfInstallments, InterestRate, InstallmentAmount) VALUES (231, 113, 50, 1.46, 349.93);
INSERT INTO Financing (OrderID, FinancerID, NumberOfInstallments, InterestRate, InstallmentAmount) VALUES (232, 100, 35, 2.25, 2208.27);
INSERT INTO Financing (OrderID, FinancerID, NumberOfInstallments, InterestRate, InstallmentAmount) VALUES (233, 108, 29, 4.74, 933.5);
INSERT INTO Financing (OrderID, FinancerID, NumberOfInstallments, InterestRate, InstallmentAmount) VALUES (234, 117, 56, 4.14, 425.05);
INSERT INTO Financing (OrderID, FinancerID, NumberOfInstallments, InterestRate, InstallmentAmount) VALUES (235, 114, 14, 5.12, 2398.58);
INSERT INTO Financing (OrderID, FinancerID, NumberOfInstallments, InterestRate, InstallmentAmount) VALUES (236, 109, 41, 1.42, 2023.1);
INSERT INTO Financing (OrderID, FinancerID, NumberOfInstallments, InterestRate, InstallmentAmount) VALUES (237, 118, 31, 4.11, 830.54);
INSERT INTO Financing (OrderID, FinancerID, NumberOfInstallments, InterestRate, InstallmentAmount) VALUES (238, 118, 6, 9.74, 5309.95);
INSERT INTO Financing (OrderID, FinancerID, NumberOfInstallments, InterestRate, InstallmentAmount) VALUES (239, 102, 16, 6.61, 1326.26);
INSERT INTO Financing (OrderID, FinancerID, NumberOfInstallments, InterestRate, InstallmentAmount) VALUES (240, 112, 19, 2.35, 1894.19);
INSERT INTO Financing (OrderID, FinancerID, NumberOfInstallments, InterestRate, InstallmentAmount) VALUES (241, 112, 51, 2.91, 344.32);
INSERT INTO Financing (OrderID, FinancerID, NumberOfInstallments, InterestRate, InstallmentAmount) VALUES (242, 103, 37, 2.65, 824.87);
INSERT INTO Financing (OrderID, FinancerID, NumberOfInstallments, InterestRate, InstallmentAmount) VALUES (243, 102, 13, 6.79, 843.92);
INSERT INTO Financing (OrderID, FinancerID, NumberOfInstallments, InterestRate, InstallmentAmount) VALUES (244, 119, 19, 7.83, 5238.21);
INSERT INTO Financing (OrderID, FinancerID, NumberOfInstallments, InterestRate, InstallmentAmount) VALUES (245, 110, 42, 3.21, 414.11);
INSERT INTO Financing (OrderID, FinancerID, NumberOfInstallments, InterestRate, InstallmentAmount) VALUES (246, 119, 21, 8.46, 5097.41);
INSERT INTO Financing (OrderID, FinancerID, NumberOfInstallments, InterestRate, InstallmentAmount) VALUES (247, 107, 25, 8.19, 1784.75);
INSERT INTO Financing (OrderID, FinancerID, NumberOfInstallments, InterestRate, InstallmentAmount) VALUES (248, 107, 49, 5.97, 1863.09);
INSERT INTO Financing (OrderID, FinancerID, NumberOfInstallments, InterestRate, InstallmentAmount) VALUES (249, 114, 15, 3.72, 6234.54);
INSERT INTO Financing (OrderID, FinancerID, NumberOfInstallments, InterestRate, InstallmentAmount) VALUES (250, 107, 46, 6.57, 732.79);
INSERT INTO Financing (OrderID, FinancerID, NumberOfInstallments, InterestRate, InstallmentAmount) VALUES (251, 111, 58, 7.94, 670.67);
INSERT INTO Financing (OrderID, FinancerID, NumberOfInstallments, InterestRate, InstallmentAmount) VALUES (252, 114, 33, 7.24, 1071.24);
INSERT INTO Financing (OrderID, FinancerID, NumberOfInstallments, InterestRate, InstallmentAmount) VALUES (253, 100, 39, 7.79, 865.2);
INSERT INTO Financing (OrderID, FinancerID, NumberOfInstallments, InterestRate, InstallmentAmount) VALUES (254, 103, 57, 7.83, 961.85);
INSERT INTO Financing (OrderID, FinancerID, NumberOfInstallments, InterestRate, InstallmentAmount) VALUES (255, 107, 60, 8.1, 1244.28);
INSERT INTO Financing (OrderID, FinancerID, NumberOfInstallments, InterestRate, InstallmentAmount) VALUES (256, 107, 44, 5.94, 1817.41);
INSERT INTO Financing (OrderID, FinancerID, NumberOfInstallments, InterestRate, InstallmentAmount) VALUES (257, 103, 54, 1.45, 1101.5);
INSERT INTO Financing (OrderID, FinancerID, NumberOfInstallments, InterestRate, InstallmentAmount) VALUES (258, 114, 35, 6.08, 2737.25);
INSERT INTO Financing (OrderID, FinancerID, NumberOfInstallments, InterestRate, InstallmentAmount) VALUES (259, 114, 55, 7.15, 1383.36);
INSERT INTO Financing (OrderID, FinancerID, NumberOfInstallments, InterestRate, InstallmentAmount) VALUES (260, 102, 54, 1.92, 1666.03);
INSERT INTO Financing (OrderID, FinancerID, NumberOfInstallments, InterestRate, InstallmentAmount) VALUES (261, 108, 50, 2.75, 1792.28);
INSERT INTO Financing (OrderID, FinancerID, NumberOfInstallments, InterestRate, InstallmentAmount) VALUES (262, 102, 35, 8.36, 1426.47);
INSERT INTO Financing (OrderID, FinancerID, NumberOfInstallments, InterestRate, InstallmentAmount) VALUES (263, 104, 55, 6.95, 388.84);
INSERT INTO Financing (OrderID, FinancerID, NumberOfInstallments, InterestRate, InstallmentAmount) VALUES (264, 117, 7, 6.03, 11661.84);
INSERT INTO Financing (OrderID, FinancerID, NumberOfInstallments, InterestRate, InstallmentAmount) VALUES (265, 119, 57, 3.76, 1043.27);
INSERT INTO Financing (OrderID, FinancerID, NumberOfInstallments, InterestRate, InstallmentAmount) VALUES (266, 108, 24, 3.23, 3374.88);
INSERT INTO Financing (OrderID, FinancerID, NumberOfInstallments, InterestRate, InstallmentAmount) VALUES (267, 114, 11, 2.56, 2089.49);
INSERT INTO Financing (OrderID, FinancerID, NumberOfInstallments, InterestRate, InstallmentAmount) VALUES (268, 115, 45, 8.7, 2203.97);
INSERT INTO Financing (OrderID, FinancerID, NumberOfInstallments, InterestRate, InstallmentAmount) VALUES (269, 119, 46, 8.74, 2331.9);
INSERT INTO Financing (OrderID, FinancerID, NumberOfInstallments, InterestRate, InstallmentAmount) VALUES (270, 104, 59, 9.47, 1477.77);
INSERT INTO Financing (OrderID, FinancerID, NumberOfInstallments, InterestRate, InstallmentAmount) VALUES (271, 106, 41, 9.29, 1366.98);
INSERT INTO Financing (OrderID, FinancerID, NumberOfInstallments, InterestRate, InstallmentAmount) VALUES (272, 106, 46, 8.47, 2312.31);
INSERT INTO Financing (OrderID, FinancerID, NumberOfInstallments, InterestRate, InstallmentAmount) VALUES (273, 108, 44, 1.46, 1369.43);
INSERT INTO Financing (OrderID, FinancerID, NumberOfInstallments, InterestRate, InstallmentAmount) VALUES (274, 113, 20, 1.73, 3443.8);
INSERT INTO Financing (OrderID, FinancerID, NumberOfInstallments, InterestRate, InstallmentAmount) VALUES (275, 118, 53, 9.27, 523.97);
INSERT INTO Financing (OrderID, FinancerID, NumberOfInstallments, InterestRate, InstallmentAmount) VALUES (276, 111, 55, 4.5, 1831.86);
INSERT INTO Financing (OrderID, FinancerID, NumberOfInstallments, InterestRate, InstallmentAmount) VALUES (277, 119, 9, 7.59, 9159.15);
INSERT INTO Financing (OrderID, FinancerID, NumberOfInstallments, InterestRate, InstallmentAmount) VALUES (278, 111, 25, 6.6, 2277.38);
INSERT INTO Financing (OrderID, FinancerID, NumberOfInstallments, InterestRate, InstallmentAmount) VALUES (279, 106, 48, 5.27, 986.56);
INSERT INTO Financing (OrderID, FinancerID, NumberOfInstallments, InterestRate, InstallmentAmount) VALUES (280, 115, 13, 4.72, 6381.7);
INSERT INTO Financing (OrderID, FinancerID, NumberOfInstallments, InterestRate, InstallmentAmount) VALUES (281, 114, 35, 2.16, 1113.0);
INSERT INTO Financing (OrderID, FinancerID, NumberOfInstallments, InterestRate, InstallmentAmount) VALUES (282, 101, 57, 3.98, 286.73);
INSERT INTO Financing (OrderID, FinancerID, NumberOfInstallments, InterestRate, InstallmentAmount) VALUES (283, 109, 53, 9.93, 1015.22);
INSERT INTO Financing (OrderID, FinancerID, NumberOfInstallments, InterestRate, InstallmentAmount) VALUES (284, 100, 29, 6.48, 428.46);
INSERT INTO Financing (OrderID, FinancerID, NumberOfInstallments, InterestRate, InstallmentAmount) VALUES (285, 107, 14, 3.45, 3844.6);
INSERT INTO Financing (OrderID, FinancerID, NumberOfInstallments, InterestRate, InstallmentAmount) VALUES (286, 115, 39, 5.93, 1965.18);
INSERT INTO Financing (OrderID, FinancerID, NumberOfInstallments, InterestRate, InstallmentAmount) VALUES (287, 118, 50, 5.93, 2110.25);
INSERT INTO Financing (OrderID, FinancerID, NumberOfInstallments, InterestRate, InstallmentAmount) VALUES (288, 115, 15, 6.52, 3886.17);
INSERT INTO Financing (OrderID, FinancerID, NumberOfInstallments, InterestRate, InstallmentAmount) VALUES (289, 118, 16, 8.9, 5617.18);
INSERT INTO Financing (OrderID, FinancerID, NumberOfInstallments, InterestRate, InstallmentAmount) VALUES (290, 106, 9, 7.17, 4635.95);
INSERT INTO Financing (OrderID, FinancerID, NumberOfInstallments, InterestRate, InstallmentAmount) VALUES (291, 115, 56, 5.04, 1726.17);
INSERT INTO Financing (OrderID, FinancerID, NumberOfInstallments, InterestRate, InstallmentAmount) VALUES (292, 119, 6, 4.31, 3568.03);
INSERT INTO Financing (OrderID, FinancerID, NumberOfInstallments, InterestRate, InstallmentAmount) VALUES (293, 107, 30, 4.61, 1979.84);
INSERT INTO Financing (OrderID, FinancerID, NumberOfInstallments, InterestRate, InstallmentAmount) VALUES (294, 102, 30, 4.3, 2915.64);
INSERT INTO Financing (OrderID, FinancerID, NumberOfInstallments, InterestRate, InstallmentAmount) VALUES (295, 100, 8, 3.6, 11096.21);
INSERT INTO Financing (OrderID, FinancerID, NumberOfInstallments, InterestRate, InstallmentAmount) VALUES (296, 102, 29, 2.56, 738.14);
INSERT INTO Financing (OrderID, FinancerID, NumberOfInstallments, InterestRate, InstallmentAmount) VALUES (297, 114, 37, 9.94, 712.04);
INSERT INTO Financing (OrderID, FinancerID, NumberOfInstallments, InterestRate, InstallmentAmount) VALUES (298, 108, 18, 6.42, 5503.85);
INSERT INTO Financing (OrderID, FinancerID, NumberOfInstallments, InterestRate, InstallmentAmount) VALUES (299, 118, 35, 6.11, 903.33);
INSERT INTO Financing (OrderID, FinancerID, NumberOfInstallments, InterestRate, InstallmentAmount) VALUES (300, 100, 47, 2.98, 1342.68);

-- Insert statements for DealerSupplies
INSERT INTO DealerSupplies (DealerID, StorageLotID, Quantity, SupplyDate) VALUES (4006, 111, 10, '2024-03-28');
INSERT INTO DealerSupplies (DealerID, StorageLotID, Quantity, SupplyDate) VALUES (4001, 109, 5, '2024-05-12');
INSERT INTO DealerSupplies (DealerID, StorageLotID, Quantity, SupplyDate) VALUES (4011, 101, 28, '2024-05-13');
INSERT INTO DealerSupplies (DealerID, StorageLotID, Quantity, SupplyDate) VALUES (4006, 108, 4, '2023-12-29');
INSERT INTO DealerSupplies (DealerID, StorageLotID, Quantity, SupplyDate) VALUES (4008, 107, 19, '2024-03-08');
INSERT INTO DealerSupplies (DealerID, StorageLotID, Quantity, SupplyDate) VALUES (4019, 101, 27, '2024-04-22');
INSERT INTO DealerSupplies (DealerID, StorageLotID, Quantity, SupplyDate) VALUES (4016, 103, 10, '2024-09-26');
INSERT INTO DealerSupplies (DealerID, StorageLotID, Quantity, SupplyDate) VALUES (4002, 101, 14, '2023-12-20');
INSERT INTO DealerSupplies (DealerID, StorageLotID, Quantity, SupplyDate) VALUES (4004, 105, 12, '2024-05-12');
INSERT INTO DealerSupplies (DealerID, StorageLotID, Quantity, SupplyDate) VALUES (4011, 105, 3, '2024-06-13');
INSERT INTO DealerSupplies (DealerID, StorageLotID, Quantity, SupplyDate) VALUES (4015, 103, 4, '2024-11-19');
INSERT INTO DealerSupplies (DealerID, StorageLotID, Quantity, SupplyDate) VALUES (4000, 108, 5, '2024-03-27');
INSERT INTO DealerSupplies (DealerID, StorageLotID, Quantity, SupplyDate) VALUES (4012, 111, 2, '2024-08-21');
INSERT INTO DealerSupplies (DealerID, StorageLotID, Quantity, SupplyDate) VALUES (4008, 102, 1, '2024-02-24');
INSERT INTO DealerSupplies (DealerID, StorageLotID, Quantity, SupplyDate) VALUES (4013, 101, 12, '2024-09-15');
INSERT INTO DealerSupplies (DealerID, StorageLotID, Quantity, SupplyDate) VALUES (4018, 109, 15, '2024-02-07');
INSERT INTO DealerSupplies (DealerID, StorageLotID, Quantity, SupplyDate) VALUES (4009, 111, 16, '2024-04-06');
INSERT INTO DealerSupplies (DealerID, StorageLotID, Quantity, SupplyDate) VALUES (4010, 113, 8, '2024-06-11');
INSERT INTO DealerSupplies (DealerID, StorageLotID, Quantity, SupplyDate) VALUES (4019, 110, 2, '2024-03-18');
INSERT INTO DealerSupplies (DealerID, StorageLotID, Quantity, SupplyDate) VALUES (4009, 108, 4, '2024-09-23');
INSERT INTO DealerSupplies (DealerID, StorageLotID, Quantity, SupplyDate) VALUES (4004, 108, 1, '2024-09-20');
INSERT INTO DealerSupplies (DealerID, StorageLotID, Quantity, SupplyDate) VALUES (4009, 101, 8, '2024-09-24');
INSERT INTO DealerSupplies (DealerID, StorageLotID, Quantity, SupplyDate) VALUES (4007, 108, 7, '2024-11-06');
INSERT INTO DealerSupplies (DealerID, StorageLotID, Quantity, SupplyDate) VALUES (4011, 109, 5, '2024-02-11');
INSERT INTO DealerSupplies (DealerID, StorageLotID, Quantity, SupplyDate) VALUES (4006, 109, 22, '2024-04-21');
INSERT INTO DealerSupplies (DealerID, StorageLotID, Quantity, SupplyDate) VALUES (4011, 110, 11, '2024-04-30');
INSERT INTO DealerSupplies (DealerID, StorageLotID, Quantity, SupplyDate) VALUES (4012, 102, 16, '2024-01-27');
INSERT INTO DealerSupplies (DealerID, StorageLotID, Quantity, SupplyDate) VALUES (4001, 102, 1, '2024-08-06');
INSERT INTO DealerSupplies (DealerID, StorageLotID, Quantity, SupplyDate) VALUES (4000, 105, 12, '2024-03-01');
INSERT INTO DealerSupplies (DealerID, StorageLotID, Quantity, SupplyDate) VALUES (4018, 101, 15, '2024-03-06');



-- Insert statements for Appointments
INSERT INTO Appointments (CustomerID, Date) VALUES (100020, '2025-07-21');
INSERT INTO Appointments (CustomerID, Date) VALUES (100021, '2025-09-21');
INSERT INTO Appointments (CustomerID, Date) VALUES (100022, '2025-01-06');
INSERT INTO Appointments (CustomerID, Date) VALUES (100023, '2025-10-29');
INSERT INTO Appointments (CustomerID, Date) VALUES (100024, '2024-12-26');
INSERT INTO Appointments (CustomerID, Date) VALUES (100025, '2025-08-17');
INSERT INTO Appointments (CustomerID, Date) VALUES (100026, '2025-01-02');
INSERT INTO Appointments (CustomerID, Date) VALUES (100027, '2025-09-03');
INSERT INTO Appointments (CustomerID, Date) VALUES (100028, '2025-08-30');
INSERT INTO Appointments (CustomerID, Date) VALUES (100029, '2025-07-30');
INSERT INTO Appointments (CustomerID, Date) VALUES (100030, '2025-06-14');
INSERT INTO Appointments (CustomerID, Date) VALUES (100031, '2025-06-28');
INSERT INTO Appointments (CustomerID, Date) VALUES (100032, '2025-02-20');
INSERT INTO Appointments (CustomerID, Date) VALUES (100033, '2025-10-05');
INSERT INTO Appointments (CustomerID, Date) VALUES (100034, '2025-01-14');
INSERT INTO Appointments (CustomerID, Date) VALUES (100035, '2025-03-26');
INSERT INTO Appointments (CustomerID, Date) VALUES (100036, '2025-05-28');
INSERT INTO Appointments (CustomerID, Date) VALUES (100037, '2025-03-01');
INSERT INTO Appointments (CustomerID, Date) VALUES (100038, '2025-10-21');
INSERT INTO Appointments (CustomerID, Date) VALUES (100039, '2025-03-08');
INSERT INTO Appointments (CustomerID, Date) VALUES (100040, '2025-07-03');
INSERT INTO Appointments (CustomerID, Date) VALUES (100041, '2025-01-11');
INSERT INTO Appointments (CustomerID, Date) VALUES (100042, '2025-11-02');
INSERT INTO Appointments (CustomerID, Date) VALUES (100043, '2025-04-17');
INSERT INTO Appointments (CustomerID, Date) VALUES (100044, '2025-02-10');
INSERT INTO Appointments (CustomerID, Date) VALUES (100045, '2025-04-12');
INSERT INTO Appointments (CustomerID, Date) VALUES (100046, '2025-03-06');
INSERT INTO Appointments (CustomerID, Date) VALUES (100047, '2025-08-10');
INSERT INTO Appointments (CustomerID, Date) VALUES (100048, '2025-10-24');
INSERT INTO Appointments (CustomerID, Date) VALUES (100049, '2025-05-22');
INSERT INTO Appointments (CustomerID, Date) VALUES (100050, '2025-10-10');
INSERT INTO Appointments (CustomerID, Date) VALUES (100051, '2025-11-16');
INSERT INTO Appointments (CustomerID, Date) VALUES (100052, '2025-04-03');
INSERT INTO Appointments (CustomerID, Date) VALUES (100053, '2025-09-25');
INSERT INTO Appointments (CustomerID, Date) VALUES (100054, '2025-02-25');
INSERT INTO Appointments (CustomerID, Date) VALUES (100055, '2025-03-25');
INSERT INTO Appointments (CustomerID, Date) VALUES (100056, '2025-10-06');
INSERT INTO Appointments (CustomerID, Date) VALUES (100057, '2025-02-19');
INSERT INTO Appointments (CustomerID, Date) VALUES (100058, '2025-06-03');
INSERT INTO Appointments (CustomerID, Date) VALUES (100059, '2025-08-23');
INSERT INTO Appointments (CustomerID, Date) VALUES (100060, '2025-09-12');
INSERT INTO Appointments (CustomerID, Date) VALUES (100061, '2025-07-05');
INSERT INTO Appointments (CustomerID, Date) VALUES (100062, '2025-04-20');
INSERT INTO Appointments (CustomerID, Date) VALUES (100063, '2025-03-24');
INSERT INTO Appointments (CustomerID, Date) VALUES (100064, '2025-04-30');
INSERT INTO Appointments (CustomerID, Date) VALUES (100065, '2025-06-11');
INSERT INTO Appointments (CustomerID, Date) VALUES (100066, '2024-11-26');
INSERT INTO Appointments (CustomerID, Date) VALUES (100067, '2025-04-03');
INSERT INTO Appointments (CustomerID, Date) VALUES (100068, '2025-06-28');
INSERT INTO Appointments (CustomerID, Date) VALUES (100069, '2025-06-19');
INSERT INTO Appointments (CustomerID, Date) VALUES (100070, '2025-05-17');
INSERT INTO Appointments (CustomerID, Date) VALUES (100071, '2025-09-19');
INSERT INTO Appointments (CustomerID, Date) VALUES (100072, '2024-11-27');
INSERT INTO Appointments (CustomerID, Date) VALUES (100073, '2025-02-07');
INSERT INTO Appointments (CustomerID, Date) VALUES (100074, '2025-03-15');
INSERT INTO Appointments (CustomerID, Date) VALUES (100075, '2025-05-28');
INSERT INTO Appointments (CustomerID, Date) VALUES (100076, '2024-12-03');
INSERT INTO Appointments (CustomerID, Date) VALUES (100077, '2025-01-06');
INSERT INTO Appointments (CustomerID, Date) VALUES (100078, '2025-02-06');
INSERT INTO Appointments (CustomerID, Date) VALUES (100079, '2025-08-11');
INSERT INTO Appointments (CustomerID, Date) VALUES (100080, '2025-05-11');
INSERT INTO Appointments (CustomerID, Date) VALUES (100081, '2025-01-07');
INSERT INTO Appointments (CustomerID, Date) VALUES (100082, '2025-03-31');
INSERT INTO Appointments (CustomerID, Date) VALUES (100083, '2025-11-01');
INSERT INTO Appointments (CustomerID, Date) VALUES (100084, '2025-01-05');
INSERT INTO Appointments (CustomerID, Date) VALUES (100085, '2025-01-11');
INSERT INTO Appointments (CustomerID, Date) VALUES (100086, '2025-08-13');
INSERT INTO Appointments (CustomerID, Date) VALUES (100087, '2025-06-05');
INSERT INTO Appointments (CustomerID, Date) VALUES (100088, '2025-01-24');
INSERT INTO Appointments (CustomerID, Date) VALUES (100089, '2025-01-18');
INSERT INTO Appointments (CustomerID, Date) VALUES (100090, '2025-10-24');
INSERT INTO Appointments (CustomerID, Date) VALUES (100091, '2025-10-07');
INSERT INTO Appointments (CustomerID, Date) VALUES (100092, '2025-09-02');
INSERT INTO Appointments (CustomerID, Date) VALUES (100093, '2025-09-01');
INSERT INTO Appointments (CustomerID, Date) VALUES (100094, '2025-09-21');
INSERT INTO Appointments (CustomerID, Date) VALUES (100095, '2025-05-20');
INSERT INTO Appointments (CustomerID, Date) VALUES (100096, '2025-09-20');
INSERT INTO Appointments (CustomerID, Date) VALUES (100097, '2025-01-30');
INSERT INTO Appointments (CustomerID, Date) VALUES (100098, '2025-02-24');
INSERT INTO Appointments (CustomerID, Date) VALUES (100099, '2025-07-24');
INSERT INTO Appointments (CustomerID, Date) VALUES (100100, '2025-04-23');
INSERT INTO Appointments (CustomerID, Date) VALUES (100101, '2025-04-23');
INSERT INTO Appointments (CustomerID, Date) VALUES (100102, '2025-07-13');
INSERT INTO Appointments (CustomerID, Date) VALUES (100103, '2024-12-14');
INSERT INTO Appointments (CustomerID, Date) VALUES (100104, '2025-01-15');
INSERT INTO Appointments (CustomerID, Date) VALUES (100105, '2024-12-30');
INSERT INTO Appointments (CustomerID, Date) VALUES (100106, '2025-01-26');
INSERT INTO Appointments (CustomerID, Date) VALUES (100107, '2025-08-22');
INSERT INTO Appointments (CustomerID, Date) VALUES (100108, '2025-09-24');
INSERT INTO Appointments (CustomerID, Date) VALUES (100109, '2025-07-18');
INSERT INTO Appointments (CustomerID, Date) VALUES (100110, '2025-05-08');
INSERT INTO Appointments (CustomerID, Date) VALUES (100111, '2025-03-30');
INSERT INTO Appointments (CustomerID, Date) VALUES (100112, '2024-12-01');
INSERT INTO Appointments (CustomerID, Date) VALUES (100113, '2024-12-19');
INSERT INTO Appointments (CustomerID, Date) VALUES (100114, '2025-01-04');
INSERT INTO Appointments (CustomerID, Date) VALUES (100115, '2025-06-15');
INSERT INTO Appointments (CustomerID, Date) VALUES (100116, '2024-11-28');
INSERT INTO Appointments (CustomerID, Date) VALUES (100117, '2025-11-21');
INSERT INTO Appointments (CustomerID, Date) VALUES (100118, '2025-09-17');
INSERT INTO Appointments (CustomerID, Date) VALUES (100119, '2025-11-10');
INSERT INTO Appointments (CustomerID, Date) VALUES (100120, '2025-11-02');
INSERT INTO Appointments (CustomerID, Date) VALUES (100121, '2025-08-01');
INSERT INTO Appointments (CustomerID, Date) VALUES (100122, '2025-04-14');
INSERT INTO Appointments (CustomerID, Date) VALUES (100123, '2025-05-30');
INSERT INTO Appointments (CustomerID, Date) VALUES (100124, '2025-05-02');
INSERT INTO Appointments (CustomerID, Date) VALUES (100125, '2025-09-02');
INSERT INTO Appointments (CustomerID, Date) VALUES (100126, '2025-11-02');
INSERT INTO Appointments (CustomerID, Date) VALUES (100127, '2025-10-11');
INSERT INTO Appointments (CustomerID, Date) VALUES (100128, '2025-03-14');
INSERT INTO Appointments (CustomerID, Date) VALUES (100129, '2025-05-28');
INSERT INTO Appointments (CustomerID, Date) VALUES (100130, '2024-12-07');
INSERT INTO Appointments (CustomerID, Date) VALUES (100131, '2025-07-05');
INSERT INTO Appointments (CustomerID, Date) VALUES (100132, '2025-01-12');
INSERT INTO Appointments (CustomerID, Date) VALUES (100133, '2025-03-28');
INSERT INTO Appointments (CustomerID, Date) VALUES (100134, '2025-08-30');
INSERT INTO Appointments (CustomerID, Date) VALUES (100135, '2024-12-29');
INSERT INTO Appointments (CustomerID, Date) VALUES (100136, '2025-07-27');
INSERT INTO Appointments (CustomerID, Date) VALUES (100137, '2025-02-15');
INSERT INTO Appointments (CustomerID, Date) VALUES (100138, '2025-01-11');
INSERT INTO Appointments (CustomerID, Date) VALUES (100139, '2025-06-06');
INSERT INTO Appointments (CustomerID, Date) VALUES (100140, '2025-04-03');
INSERT INTO Appointments (CustomerID, Date) VALUES (100141, '2025-05-04');
INSERT INTO Appointments (CustomerID, Date) VALUES (100142, '2025-10-23');
INSERT INTO Appointments (CustomerID, Date) VALUES (100143, '2025-08-05');
INSERT INTO Appointments (CustomerID, Date) VALUES (100144, '2025-02-27');
INSERT INTO Appointments (CustomerID, Date) VALUES (100145, '2025-08-24');
INSERT INTO Appointments (CustomerID, Date) VALUES (100146, '2025-08-16');
INSERT INTO Appointments (CustomerID, Date) VALUES (100147, '2025-07-13');
INSERT INTO Appointments (CustomerID, Date) VALUES (100148, '2025-05-22');
INSERT INTO Appointments (CustomerID, Date) VALUES (100149, '2025-06-13');
INSERT INTO Appointments (CustomerID, Date) VALUES (100150, '2025-07-06');
INSERT INTO Appointments (CustomerID, Date) VALUES (100151, '2025-11-04');
INSERT INTO Appointments (CustomerID, Date) VALUES (100152, '2025-01-27');
INSERT INTO Appointments (CustomerID, Date) VALUES (100153, '2025-08-14');
INSERT INTO Appointments (CustomerID, Date) VALUES (100154, '2025-11-21');
INSERT INTO Appointments (CustomerID, Date) VALUES (100155, '2024-12-31');
INSERT INTO Appointments (CustomerID, Date) VALUES (100156, '2025-08-23');
INSERT INTO Appointments (CustomerID, Date) VALUES (100157, '2025-02-18');
INSERT INTO Appointments (CustomerID, Date) VALUES (100158, '2025-10-13');
INSERT INTO Appointments (CustomerID, Date) VALUES (100159, '2025-03-24');
INSERT INTO Appointments (CustomerID, Date) VALUES (100160, '2025-07-03');
INSERT INTO Appointments (CustomerID, Date) VALUES (100161, '2025-07-06');
INSERT INTO Appointments (CustomerID, Date) VALUES (100162, '2025-08-12');
INSERT INTO Appointments (CustomerID, Date) VALUES (100163, '2025-08-15');
INSERT INTO Appointments (CustomerID, Date) VALUES (100164, '2025-05-26');
INSERT INTO Appointments (CustomerID, Date) VALUES (100165, '2025-06-18');
INSERT INTO Appointments (CustomerID, Date) VALUES (100166, '2025-05-05');
INSERT INTO Appointments (CustomerID, Date) VALUES (100167, '2025-07-21');
INSERT INTO Appointments (CustomerID, Date) VALUES (100168, '2025-05-21');
INSERT INTO Appointments (CustomerID, Date) VALUES (100169, '2024-12-03');
INSERT INTO Appointments (CustomerID, Date) VALUES (100170, '2025-03-09');
INSERT INTO Appointments (CustomerID, Date) VALUES (100171, '2025-05-22');
INSERT INTO Appointments (CustomerID, Date) VALUES (100172, '2025-07-27');
INSERT INTO Appointments (CustomerID, Date) VALUES (100173, '2025-03-31');
INSERT INTO Appointments (CustomerID, Date) VALUES (100174, '2025-01-18');
INSERT INTO Appointments (CustomerID, Date) VALUES (100175, '2025-05-20');
INSERT INTO Appointments (CustomerID, Date) VALUES (100176, '2025-03-05');
INSERT INTO Appointments (CustomerID, Date) VALUES (100177, '2025-01-25');
INSERT INTO Appointments (CustomerID, Date) VALUES (100178, '2025-07-26');
INSERT INTO Appointments (CustomerID, Date) VALUES (100179, '2025-03-12');
INSERT INTO Appointments (CustomerID, Date) VALUES (100180, '2025-07-27');
INSERT INTO Appointments (CustomerID, Date) VALUES (100181, '2025-04-20');
INSERT INTO Appointments (CustomerID, Date) VALUES (100182, '2025-06-16');
INSERT INTO Appointments (CustomerID, Date) VALUES (100183, '2025-11-21');
INSERT INTO Appointments (CustomerID, Date) VALUES (100184, '2025-06-21');
INSERT INTO Appointments (CustomerID, Date) VALUES (100185, '2025-05-17');
INSERT INTO Appointments (CustomerID, Date) VALUES (100186, '2025-04-16');
INSERT INTO Appointments (CustomerID, Date) VALUES (100187, '2024-11-25');
INSERT INTO Appointments (CustomerID, Date) VALUES (100188, '2025-03-31');
INSERT INTO Appointments (CustomerID, Date) VALUES (100189, '2025-10-01');
INSERT INTO Appointments (CustomerID, Date) VALUES (100190, '2025-01-12');
INSERT INTO Appointments (CustomerID, Date) VALUES (100191, '2025-09-20');
INSERT INTO Appointments (CustomerID, Date) VALUES (100192, '2025-05-25');
INSERT INTO Appointments (CustomerID, Date) VALUES (100193, '2025-07-12');
INSERT INTO Appointments (CustomerID, Date) VALUES (100194, '2025-08-24');
INSERT INTO Appointments (CustomerID, Date) VALUES (100195, '2025-03-13');
INSERT INTO Appointments (CustomerID, Date) VALUES (100196, '2025-01-27');
INSERT INTO Appointments (CustomerID, Date) VALUES (100197, '2025-10-19');
INSERT INTO Appointments (CustomerID, Date) VALUES (100198, '2025-09-19');
INSERT INTO Appointments (CustomerID, Date) VALUES (100199, '2025-06-07');
INSERT INTO Appointments (CustomerID, Date) VALUES (100200, '2025-09-30');
INSERT INTO Appointments (CustomerID, Date) VALUES (100201, '2025-06-02');
INSERT INTO Appointments (CustomerID, Date) VALUES (100202, '2024-12-11');
INSERT INTO Appointments (CustomerID, Date) VALUES (100203, '2025-01-18');
INSERT INTO Appointments (CustomerID, Date) VALUES (100204, '2025-11-21');
INSERT INTO Appointments (CustomerID, Date) VALUES (100205, '2025-09-02');
INSERT INTO Appointments (CustomerID, Date) VALUES (100206, '2025-06-11');
INSERT INTO Appointments (CustomerID, Date) VALUES (100207, '2025-06-09');
INSERT INTO Appointments (CustomerID, Date) VALUES (100208, '2025-09-10');
INSERT INTO Appointments (CustomerID, Date) VALUES (100209, '2025-02-04');
INSERT INTO Appointments (CustomerID, Date) VALUES (100210, '2024-12-02');
INSERT INTO Appointments (CustomerID, Date) VALUES (100211, '2025-01-18');
INSERT INTO Appointments (CustomerID, Date) VALUES (100212, '2025-08-04');
INSERT INTO Appointments (CustomerID, Date) VALUES (100213, '2025-08-28');
INSERT INTO Appointments (CustomerID, Date) VALUES (100214, '2025-03-08');
INSERT INTO Appointments (CustomerID, Date) VALUES (100215, '2025-01-06');
INSERT INTO Appointments (CustomerID, Date) VALUES (100216, '2025-03-13');
INSERT INTO Appointments (CustomerID, Date) VALUES (100217, '2025-06-23');
INSERT INTO Appointments (CustomerID, Date) VALUES (100218, '2025-02-16');
INSERT INTO Appointments (CustomerID, Date) VALUES (100219, '2025-02-25');


-- Insert statements for Test_Drive
INSERT INTO Test_Drive (TestDriveDate, AppointmentID, CarID) VALUES ('2024-05-21', 36, 10011);
INSERT INTO Test_Drive (TestDriveDate, AppointmentID, CarID) VALUES ('2024-07-22', 3, 10031);
INSERT INTO Test_Drive (TestDriveDate, AppointmentID, CarID) VALUES ('2024-06-07', 78, 10129);
INSERT INTO Test_Drive (TestDriveDate, AppointmentID, CarID) VALUES ('2024-06-11', 162, 10069);
INSERT INTO Test_Drive (TestDriveDate, AppointmentID, CarID) VALUES ('2024-11-18', 13, 10172);
INSERT INTO Test_Drive (TestDriveDate, AppointmentID, CarID) VALUES ('2024-05-27', 49, 10152);
INSERT INTO Test_Drive (TestDriveDate, AppointmentID, CarID) VALUES ('2023-11-27', 9, 10151);
INSERT INTO Test_Drive (TestDriveDate, AppointmentID, CarID) VALUES ('2024-06-15', 68, 10165);
INSERT INTO Test_Drive (TestDriveDate, AppointmentID, CarID) VALUES ('2024-06-25', 141, 10101);
INSERT INTO Test_Drive (TestDriveDate, AppointmentID, CarID) VALUES ('2023-12-06', 5, 10095);
INSERT INTO Test_Drive (TestDriveDate, AppointmentID, CarID) VALUES ('2024-10-04', 12, 10045);
INSERT INTO Test_Drive (TestDriveDate, AppointmentID, CarID) VALUES ('2024-03-31', 41, 10076);
INSERT INTO Test_Drive (TestDriveDate, AppointmentID, CarID) VALUES ('2023-11-24', 108, 10186);
INSERT INTO Test_Drive (TestDriveDate, AppointmentID, CarID) VALUES ('2024-01-23', 115, 10004);
INSERT INTO Test_Drive (TestDriveDate, AppointmentID, CarID) VALUES ('2024-10-01', 191, 10033);
INSERT INTO Test_Drive (TestDriveDate, AppointmentID, CarID) VALUES ('2024-02-24', 33, 10032);
INSERT INTO Test_Drive (TestDriveDate, AppointmentID, CarID) VALUES ('2024-07-30', 124, 10156);
INSERT INTO Test_Drive (TestDriveDate, AppointmentID, CarID) VALUES ('2024-04-08', 167, 10158);
INSERT INTO Test_Drive (TestDriveDate, AppointmentID, CarID) VALUES ('2024-04-07', 114, 10097);
INSERT INTO Test_Drive (TestDriveDate, AppointmentID, CarID) VALUES ('2024-07-20', 137, 10194);
INSERT INTO Test_Drive (TestDriveDate, AppointmentID, CarID) VALUES ('2024-08-23', 92, 10063);
INSERT INTO Test_Drive (TestDriveDate, AppointmentID, CarID) VALUES ('2024-07-26', 61, 10166);
INSERT INTO Test_Drive (TestDriveDate, AppointmentID, CarID) VALUES ('2024-08-30', 160, 10155);
INSERT INTO Test_Drive (TestDriveDate, AppointmentID, CarID) VALUES ('2023-12-07', 136, 10070);
INSERT INTO Test_Drive (TestDriveDate, AppointmentID, CarID) VALUES ('2024-06-19', 9, 10045);
INSERT INTO Test_Drive (TestDriveDate, AppointmentID, CarID) VALUES ('2024-03-23', 186, 10105);
INSERT INTO Test_Drive (TestDriveDate, AppointmentID, CarID) VALUES ('2024-10-01', 199, 10184);
INSERT INTO Test_Drive (TestDriveDate, AppointmentID, CarID) VALUES ('2024-10-31', 188, 10165);
INSERT INTO Test_Drive (TestDriveDate, AppointmentID, CarID) VALUES ('2024-02-10', 193, 10067);
INSERT INTO Test_Drive (TestDriveDate, AppointmentID, CarID) VALUES ('2024-02-13', 114, 10036);
INSERT INTO Test_Drive (TestDriveDate, AppointmentID, CarID) VALUES ('2023-11-26', 48, 10156);
INSERT INTO Test_Drive (TestDriveDate, AppointmentID, CarID) VALUES ('2024-02-25', 75, 10123);
INSERT INTO Test_Drive (TestDriveDate, AppointmentID, CarID) VALUES ('2024-04-22', 184, 10097);
INSERT INTO Test_Drive (TestDriveDate, AppointmentID, CarID) VALUES ('2024-04-17', 88, 10167);
INSERT INTO Test_Drive (TestDriveDate, AppointmentID, CarID) VALUES ('2024-06-13', 43, 10015);
INSERT INTO Test_Drive (TestDriveDate, AppointmentID, CarID) VALUES ('2024-02-02', 144, 10039);
INSERT INTO Test_Drive (TestDriveDate, AppointmentID, CarID) VALUES ('2023-12-05', 177, 10127);
INSERT INTO Test_Drive (TestDriveDate, AppointmentID, CarID) VALUES ('2023-12-15', 150, 10170);
INSERT INTO Test_Drive (TestDriveDate, AppointmentID, CarID) VALUES ('2024-03-03', 47, 10056);
INSERT INTO Test_Drive (TestDriveDate, AppointmentID, CarID) VALUES ('2024-04-02', 57, 10159);
INSERT INTO Test_Drive (TestDriveDate, AppointmentID, CarID) VALUES ('2024-09-20', 130, 10021);
INSERT INTO Test_Drive (TestDriveDate, AppointmentID, CarID) VALUES ('2023-12-23', 174, 10168);
INSERT INTO Test_Drive (TestDriveDate, AppointmentID, CarID) VALUES ('2024-05-14', 72, 10146);
INSERT INTO Test_Drive (TestDriveDate, AppointmentID, CarID) VALUES ('2024-02-13', 47, 10020);
INSERT INTO Test_Drive (TestDriveDate, AppointmentID, CarID) VALUES ('2024-08-19', 172, 10057);
INSERT INTO Test_Drive (TestDriveDate, AppointmentID, CarID) VALUES ('2024-06-22', 54, 10085);
INSERT INTO Test_Drive (TestDriveDate, AppointmentID, CarID) VALUES ('2024-01-16', 200, 10164);
INSERT INTO Test_Drive (TestDriveDate, AppointmentID, CarID) VALUES ('2024-04-30', 63, 10177);
INSERT INTO Test_Drive (TestDriveDate, AppointmentID, CarID) VALUES ('2024-05-05', 75, 10103);
INSERT INTO Test_Drive (TestDriveDate, AppointmentID, CarID) VALUES ('2024-03-19', 44, 10194);
INSERT INTO Test_Drive (TestDriveDate, AppointmentID, CarID) VALUES ('2024-08-30', 70, 10021);
INSERT INTO Test_Drive (TestDriveDate, AppointmentID, CarID) VALUES ('2024-05-20', 163, 10005);
INSERT INTO Test_Drive (TestDriveDate, AppointmentID, CarID) VALUES ('2023-12-24', 101, 10075);
INSERT INTO Test_Drive (TestDriveDate, AppointmentID, CarID) VALUES ('2023-12-11', 58, 10167);
INSERT INTO Test_Drive (TestDriveDate, AppointmentID, CarID) VALUES ('2024-10-01', 10, 10096);
INSERT INTO Test_Drive (TestDriveDate, AppointmentID, CarID) VALUES ('2023-12-16', 112, 10118);
INSERT INTO Test_Drive (TestDriveDate, AppointmentID, CarID) VALUES ('2024-01-21', 165, 10080);
INSERT INTO Test_Drive (TestDriveDate, AppointmentID, CarID) VALUES ('2024-05-04', 54, 10082);
INSERT INTO Test_Drive (TestDriveDate, AppointmentID, CarID) VALUES ('2024-02-14', 193, 10102);
INSERT INTO Test_Drive (TestDriveDate, AppointmentID, CarID) VALUES ('2024-02-18', 163, 10079);
INSERT INTO Test_Drive (TestDriveDate, AppointmentID, CarID) VALUES ('2024-06-13', 9, 10093);
INSERT INTO Test_Drive (TestDriveDate, AppointmentID, CarID) VALUES ('2024-10-30', 13, 10070);
INSERT INTO Test_Drive (TestDriveDate, AppointmentID, CarID) VALUES ('2024-06-27', 13, 10026);
INSERT INTO Test_Drive (TestDriveDate, AppointmentID, CarID) VALUES ('2024-05-16', 186, 10056);
INSERT INTO Test_Drive (TestDriveDate, AppointmentID, CarID) VALUES ('2024-01-10', 128, 10045);
INSERT INTO Test_Drive (TestDriveDate, AppointmentID, CarID) VALUES ('2024-08-08', 128, 10119);
INSERT INTO Test_Drive (TestDriveDate, AppointmentID, CarID) VALUES ('2024-02-21', 170, 10191);
INSERT INTO Test_Drive (TestDriveDate, AppointmentID, CarID) VALUES ('2024-03-14', 72, 10023);
INSERT INTO Test_Drive (TestDriveDate, AppointmentID, CarID) VALUES ('2024-03-27', 44, 10121);
INSERT INTO Test_Drive (TestDriveDate, AppointmentID, CarID) VALUES ('2024-09-30', 131, 10198);
INSERT INTO Test_Drive (TestDriveDate, AppointmentID, CarID) VALUES ('2024-10-24', 46, 10100);
INSERT INTO Test_Drive (TestDriveDate, AppointmentID, CarID) VALUES ('2024-02-08', 145, 10136);
INSERT INTO Test_Drive (TestDriveDate, AppointmentID, CarID) VALUES ('2024-08-07', 152, 10041);
INSERT INTO Test_Drive (TestDriveDate, AppointmentID, CarID) VALUES ('2024-06-06', 196, 10088);
INSERT INTO Test_Drive (TestDriveDate, AppointmentID, CarID) VALUES ('2024-01-27', 61, 10157);
INSERT INTO Test_Drive (TestDriveDate, AppointmentID, CarID) VALUES ('2024-01-03', 109, 10001);
INSERT INTO Test_Drive (TestDriveDate, AppointmentID, CarID) VALUES ('2024-09-04', 20, 10152);
INSERT INTO Test_Drive (TestDriveDate, AppointmentID, CarID) VALUES ('2024-08-19', 103, 10109);
INSERT INTO Test_Drive (TestDriveDate, AppointmentID, CarID) VALUES ('2024-03-03', 44, 10088);
INSERT INTO Test_Drive (TestDriveDate, AppointmentID, CarID) VALUES ('2024-10-30', 172, 10043);
INSERT INTO Test_Drive (TestDriveDate, AppointmentID, CarID) VALUES ('2024-01-03', 60, 10125);
INSERT INTO Test_Drive (TestDriveDate, AppointmentID, CarID) VALUES ('2024-03-21', 41, 10008);
INSERT INTO Test_Drive (TestDriveDate, AppointmentID, CarID) VALUES ('2023-12-16', 131, 10139);
INSERT INTO Test_Drive (TestDriveDate, AppointmentID, CarID) VALUES ('2024-01-06', 52, 10117);
INSERT INTO Test_Drive (TestDriveDate, AppointmentID, CarID) VALUES ('2024-10-25', 25, 10166);
INSERT INTO Test_Drive (TestDriveDate, AppointmentID, CarID) VALUES ('2024-01-16', 197, 10127);
INSERT INTO Test_Drive (TestDriveDate, AppointmentID, CarID) VALUES ('2024-01-20', 16, 10020);
INSERT INTO Test_Drive (TestDriveDate, AppointmentID, CarID) VALUES ('2024-06-09', 82, 10189);
INSERT INTO Test_Drive (TestDriveDate, AppointmentID, CarID) VALUES ('2024-06-13', 126, 10142);
INSERT INTO Test_Drive (TestDriveDate, AppointmentID, CarID) VALUES ('2024-01-20', 1, 10103);
INSERT INTO Test_Drive (TestDriveDate, AppointmentID, CarID) VALUES ('2024-02-21', 182, 10036);
INSERT INTO Test_Drive (TestDriveDate, AppointmentID, CarID) VALUES ('2024-01-08', 166, 10113);
INSERT INTO Test_Drive (TestDriveDate, AppointmentID, CarID) VALUES ('2024-03-17', 191, 10106);
INSERT INTO Test_Drive (TestDriveDate, AppointmentID, CarID) VALUES ('2023-12-30', 147, 10014);
INSERT INTO Test_Drive (TestDriveDate, AppointmentID, CarID) VALUES ('2024-10-14', 169, 10100);
INSERT INTO Test_Drive (TestDriveDate, AppointmentID, CarID) VALUES ('2024-08-12', 69, 10170);
INSERT INTO Test_Drive (TestDriveDate, AppointmentID, CarID) VALUES ('2024-11-03', 39, 10171);
INSERT INTO Test_Drive (TestDriveDate, AppointmentID, CarID) VALUES ('2024-04-27', 186, 10001);
INSERT INTO Test_Drive (TestDriveDate, AppointmentID, CarID) VALUES ('2024-08-21', 190, 10082);
INSERT INTO Test_Drive (TestDriveDate, AppointmentID, CarID) VALUES ('2024-08-14', 3, 10156);
INSERT INTO Test_Drive (TestDriveDate, AppointmentID, CarID) VALUES ('2024-01-26', 164, 10134);
INSERT INTO Test_Drive (TestDriveDate, AppointmentID, CarID) VALUES ('2023-12-17', 163, 10187);
INSERT INTO Test_Drive (TestDriveDate, AppointmentID, CarID) VALUES ('2024-08-10', 63, 10131);
INSERT INTO Test_Drive (TestDriveDate, AppointmentID, CarID) VALUES ('2024-02-16', 18, 10128);
INSERT INTO Test_Drive (TestDriveDate, AppointmentID, CarID) VALUES ('2024-09-16', 150, 10142);
INSERT INTO Test_Drive (TestDriveDate, AppointmentID, CarID) VALUES ('2024-01-06', 145, 10097);
INSERT INTO Test_Drive (TestDriveDate, AppointmentID, CarID) VALUES ('2024-10-04', 20, 10055);
INSERT INTO Test_Drive (TestDriveDate, AppointmentID, CarID) VALUES ('2024-08-03', 44, 10107);
INSERT INTO Test_Drive (TestDriveDate, AppointmentID, CarID) VALUES ('2024-01-12', 152, 10107);
INSERT INTO Test_Drive (TestDriveDate, AppointmentID, CarID) VALUES ('2024-04-02', 9, 10177);
INSERT INTO Test_Drive (TestDriveDate, AppointmentID, CarID) VALUES ('2024-11-13', 90, 10003);
INSERT INTO Test_Drive (TestDriveDate, AppointmentID, CarID) VALUES ('2024-07-25', 167, 10045);
INSERT INTO Test_Drive (TestDriveDate, AppointmentID, CarID) VALUES ('2024-03-30', 59, 10118);
INSERT INTO Test_Drive (TestDriveDate, AppointmentID, CarID) VALUES ('2024-08-06', 56, 10041);
INSERT INTO Test_Drive (TestDriveDate, AppointmentID, CarID) VALUES ('2023-11-30', 102, 10095);
INSERT INTO Test_Drive (TestDriveDate, AppointmentID, CarID) VALUES ('2024-01-27', 79, 10085);
INSERT INTO Test_Drive (TestDriveDate, AppointmentID, CarID) VALUES ('2024-02-22', 125, 10086);
INSERT INTO Test_Drive (TestDriveDate, AppointmentID, CarID) VALUES ('2024-06-10', 49, 10106);
INSERT INTO Test_Drive (TestDriveDate, AppointmentID, CarID) VALUES ('2024-08-27', 16, 10043);
INSERT INTO Test_Drive (TestDriveDate, AppointmentID, CarID) VALUES ('2024-06-21', 152, 10089);
INSERT INTO Test_Drive (TestDriveDate, AppointmentID, CarID) VALUES ('2024-03-28', 189, 10097);
INSERT INTO Test_Drive (TestDriveDate, AppointmentID, CarID) VALUES ('2024-06-03', 70, 10192);
INSERT INTO Test_Drive (TestDriveDate, AppointmentID, CarID) VALUES ('2024-08-18', 60, 10138);
INSERT INTO Test_Drive (TestDriveDate, AppointmentID, CarID) VALUES ('2024-10-15', 84, 10144);
INSERT INTO Test_Drive (TestDriveDate, AppointmentID, CarID) VALUES ('2024-10-08', 178, 10073);


-- Insert statements for CarServicing
INSERT INTO CarServicing (ServiceDate, ServiceDescription, ServiceCost, CarID, AppointmentID, PartID) VALUES ('2024-08-03', 'Brake replacement', 1121.55, 10017, 4, 20072);
INSERT INTO CarServicing (ServiceDate, ServiceDescription, ServiceCost, CarID, AppointmentID, PartID) VALUES ('2024-10-08', 'Transmission repair', 65.8, 10004, 76, 20034);
INSERT INTO CarServicing (ServiceDate, ServiceDescription, ServiceCost, CarID, AppointmentID, PartID) VALUES ('2024-06-06', 'Transmission repair', 1772.8, 10084, 2, 20011);
INSERT INTO CarServicing (ServiceDate, ServiceDescription, ServiceCost, CarID, AppointmentID, PartID) VALUES ('2024-03-19', 'Engine tuning', 97.42, 10004, 152, 20060);
INSERT INTO CarServicing (ServiceDate, ServiceDescription, ServiceCost, CarID, AppointmentID, PartID) VALUES ('2024-09-04', 'Brake replacement', 819.64, 10022, 127, 20027);
INSERT INTO CarServicing (ServiceDate, ServiceDescription, ServiceCost, CarID, AppointmentID, PartID) VALUES ('2024-07-03', 'Tire rotation', 1421.79, 10159, 38, 20083);
INSERT INTO CarServicing (ServiceDate, ServiceDescription, ServiceCost, CarID, AppointmentID, PartID) VALUES ('2024-01-14', 'Oil change', 1879.03, 10106, 197, 20027);
INSERT INTO CarServicing (ServiceDate, ServiceDescription, ServiceCost, CarID, AppointmentID, PartID) VALUES ('2024-11-20', 'AC servicing', 244.76, 10178, 131, 20007);
INSERT INTO CarServicing (ServiceDate, ServiceDescription, ServiceCost, CarID, AppointmentID, PartID) VALUES ('2024-09-06', 'Tire rotation', 1667.23, 10149, 176, 20006);
INSERT INTO CarServicing (ServiceDate, ServiceDescription, ServiceCost, CarID, AppointmentID, PartID) VALUES ('2024-11-05', 'General maintenance', 866.67, 10085, 171, 20096);
INSERT INTO CarServicing (ServiceDate, ServiceDescription, ServiceCost, CarID, AppointmentID, PartID) VALUES ('2024-05-26', 'Brake replacement', 506.84, 10055, 103, 20066);
INSERT INTO CarServicing (ServiceDate, ServiceDescription, ServiceCost, CarID, AppointmentID, PartID) VALUES ('2024-11-10', 'Transmission repair', 842.69, 10174, 8, 20032);
INSERT INTO CarServicing (ServiceDate, ServiceDescription, ServiceCost, CarID, AppointmentID, PartID) VALUES ('2024-11-02', 'Battery check', 683.77, 10069, 72, 20036);
INSERT INTO CarServicing (ServiceDate, ServiceDescription, ServiceCost, CarID, AppointmentID, PartID) VALUES ('2024-10-10', 'Battery check', 1208.71, 10122, 26, 20074);
INSERT INTO CarServicing (ServiceDate, ServiceDescription, ServiceCost, CarID, AppointmentID, PartID) VALUES ('2024-07-24', 'Oil change', 70.96, 10030, 55, 20065);
INSERT INTO CarServicing (ServiceDate, ServiceDescription, ServiceCost, CarID, AppointmentID, PartID) VALUES ('2024-01-16', 'Brake replacement', 323.89, 10002, 88, 20030);
INSERT INTO CarServicing (ServiceDate, ServiceDescription, ServiceCost, CarID, AppointmentID, PartID) VALUES ('2024-07-27', 'Battery check', 1853.94, 10016, 196, 20058);
INSERT INTO CarServicing (ServiceDate, ServiceDescription, ServiceCost, CarID, AppointmentID, PartID) VALUES ('2023-12-21', 'Brake replacement', 1670.94, 10151, 190, 20002);
INSERT INTO CarServicing (ServiceDate, ServiceDescription, ServiceCost, CarID, AppointmentID, PartID) VALUES ('2024-03-16', 'Tire rotation', 600.59, 10066, 39, 20039);
INSERT INTO CarServicing (ServiceDate, ServiceDescription, ServiceCost, CarID, AppointmentID, PartID) VALUES ('2024-06-05', 'Engine tuning', 707.01, 10021, 70, 20045);
INSERT INTO CarServicing (ServiceDate, ServiceDescription, ServiceCost, CarID, AppointmentID, PartID) VALUES ('2024-01-11', 'Transmission repair', 305.55, 10028, 31, 20001);
INSERT INTO CarServicing (ServiceDate, ServiceDescription, ServiceCost, CarID, AppointmentID, PartID) VALUES ('2024-06-12', 'Tire rotation', 396.18, 10189, 138, 20074);
INSERT INTO CarServicing (ServiceDate, ServiceDescription, ServiceCost, CarID, AppointmentID, PartID) VALUES ('2024-10-27', 'Engine tuning', 1503.76, 10004, 73, 20058);
INSERT INTO CarServicing (ServiceDate, ServiceDescription, ServiceCost, CarID, AppointmentID, PartID) VALUES ('2024-04-11', 'Battery check', 928.39, 10084, 154, 20001);
INSERT INTO CarServicing (ServiceDate, ServiceDescription, ServiceCost, CarID, AppointmentID, PartID) VALUES ('2023-12-29', 'Transmission repair', 428.52, 10034, 36, 20071);
INSERT INTO CarServicing (ServiceDate, ServiceDescription, ServiceCost, CarID, AppointmentID, PartID) VALUES ('2024-01-13', 'AC servicing', 803.25, 10075, 102, 20077);
INSERT INTO CarServicing (ServiceDate, ServiceDescription, ServiceCost, CarID, AppointmentID, PartID) VALUES ('2024-01-31', 'Brake replacement', 921.46, 10155, 14, 20099);
INSERT INTO CarServicing (ServiceDate, ServiceDescription, ServiceCost, CarID, AppointmentID, PartID) VALUES ('2024-04-08', 'AC servicing', 921.2, 10155, 123, 20037);
INSERT INTO CarServicing (ServiceDate, ServiceDescription, ServiceCost, CarID, AppointmentID, PartID) VALUES ('2024-08-01', 'Tire rotation', 1565.74, 10052, 66, 20016);
INSERT INTO CarServicing (ServiceDate, ServiceDescription, ServiceCost, CarID, AppointmentID, PartID) VALUES ('2024-03-10', 'Brake replacement', 1591.15, 10068, 47, 20069);
INSERT INTO CarServicing (ServiceDate, ServiceDescription, ServiceCost, CarID, AppointmentID, PartID) VALUES ('2024-05-24', 'Brake replacement', 702.71, 10041, 39, 20071);
INSERT INTO CarServicing (ServiceDate, ServiceDescription, ServiceCost, CarID, AppointmentID, PartID) VALUES ('2024-09-16', 'Brake replacement', 395.91, 10099, 65, 20057);
INSERT INTO CarServicing (ServiceDate, ServiceDescription, ServiceCost, CarID, AppointmentID, PartID) VALUES ('2024-08-17', 'Engine tuning', 625.89, 10192, 81, 20027);
INSERT INTO CarServicing (ServiceDate, ServiceDescription, ServiceCost, CarID, AppointmentID, PartID) VALUES ('2024-05-03', 'Brake replacement', 914.95, 10171, 146, 20085);
INSERT INTO CarServicing (ServiceDate, ServiceDescription, ServiceCost, CarID, AppointmentID, PartID) VALUES ('2024-03-27', 'Transmission repair', 1952.04, 10048, 171, 20015);
INSERT INTO CarServicing (ServiceDate, ServiceDescription, ServiceCost, CarID, AppointmentID, PartID) VALUES ('2024-05-15', 'Tire rotation', 1388.76, 10070, 102, 20094);
INSERT INTO CarServicing (ServiceDate, ServiceDescription, ServiceCost, CarID, AppointmentID, PartID) VALUES ('2023-12-23', 'Brake replacement', 1794.32, 10060, 86, 20080);
INSERT INTO CarServicing (ServiceDate, ServiceDescription, ServiceCost, CarID, AppointmentID, PartID) VALUES ('2024-05-03', 'Transmission repair', 1128.45, 10160, 192, 20098);
INSERT INTO CarServicing (ServiceDate, ServiceDescription, ServiceCost, CarID, AppointmentID, PartID) VALUES ('2024-05-18', 'Oil change', 152.77, 10156, 100, 20012);
INSERT INTO CarServicing (ServiceDate, ServiceDescription, ServiceCost, CarID, AppointmentID, PartID) VALUES ('2024-06-13', 'Brake replacement', 1963.3, 10043, 46, 20099);
INSERT INTO CarServicing (ServiceDate, ServiceDescription, ServiceCost, CarID, AppointmentID, PartID) VALUES ('2023-12-21', 'Oil change', 287.23, 10152, 31, 20024);
INSERT INTO CarServicing (ServiceDate, ServiceDescription, ServiceCost, CarID, AppointmentID, PartID) VALUES ('2024-10-12', 'Battery check', 551.37, 10181, 50, 20061);
INSERT INTO CarServicing (ServiceDate, ServiceDescription, ServiceCost, CarID, AppointmentID, PartID) VALUES ('2024-06-07', 'General maintenance', 988.57, 10009, 9, 20054);
INSERT INTO CarServicing (ServiceDate, ServiceDescription, ServiceCost, CarID, AppointmentID, PartID) VALUES ('2024-08-06', 'Engine tuning', 1241.96, 10140, 163, 20025);
INSERT INTO CarServicing (ServiceDate, ServiceDescription, ServiceCost, CarID, AppointmentID, PartID) VALUES ('2024-11-10', 'AC servicing', 1306.76, 10178, 148, 20040);
INSERT INTO CarServicing (ServiceDate, ServiceDescription, ServiceCost, CarID, AppointmentID, PartID) VALUES ('2024-06-03', 'Tire rotation', 794.69, 10004, 92, 20075);
INSERT INTO CarServicing (ServiceDate, ServiceDescription, ServiceCost, CarID, AppointmentID, PartID) VALUES ('2024-07-30', 'Engine tuning', 1994.86, 10173, 49, 20018);
INSERT INTO CarServicing (ServiceDate, ServiceDescription, ServiceCost, CarID, AppointmentID, PartID) VALUES ('2024-05-16', 'Brake replacement', 1531.33, 10003, 136, 20015);
INSERT INTO CarServicing (ServiceDate, ServiceDescription, ServiceCost, CarID, AppointmentID, PartID) VALUES ('2024-10-21', 'Battery check', 1396.17, 10165, 26, 20038);
INSERT INTO CarServicing (ServiceDate, ServiceDescription, ServiceCost, CarID, AppointmentID, PartID) VALUES ('2024-03-05', 'Battery check', 856.39, 10067, 113, 20037);
INSERT INTO CarServicing (ServiceDate, ServiceDescription, ServiceCost, CarID, AppointmentID, PartID) VALUES ('2024-02-15', 'Brake replacement', 1413.5, 10079, 158, 20072);
INSERT INTO CarServicing (ServiceDate, ServiceDescription, ServiceCost, CarID, AppointmentID, PartID) VALUES ('2024-06-01', 'Battery check', 1952.0, 10034, 147, 20032);
INSERT INTO CarServicing (ServiceDate, ServiceDescription, ServiceCost, CarID, AppointmentID, PartID) VALUES ('2024-03-08', 'Brake replacement', 294.74, 10114, 163, 20005);
INSERT INTO CarServicing (ServiceDate, ServiceDescription, ServiceCost, CarID, AppointmentID, PartID) VALUES ('2024-04-14', 'Tire rotation', 1238.78, 10014, 94, 20033);
INSERT INTO CarServicing (ServiceDate, ServiceDescription, ServiceCost, CarID, AppointmentID, PartID) VALUES ('2024-08-23', 'Transmission repair', 1917.13, 10086, 183, 20088);
INSERT INTO CarServicing (ServiceDate, ServiceDescription, ServiceCost, CarID, AppointmentID, PartID) VALUES ('2024-08-25', 'Brake replacement', 1741.02, 10008, 158, 20014);
INSERT INTO CarServicing (ServiceDate, ServiceDescription, ServiceCost, CarID, AppointmentID, PartID) VALUES ('2023-12-03', 'Engine tuning', 243.1, 10031, 168, 20067);
INSERT INTO CarServicing (ServiceDate, ServiceDescription, ServiceCost, CarID, AppointmentID, PartID) VALUES ('2024-11-02', 'General maintenance', 1185.18, 10046, 22, 20048);
INSERT INTO CarServicing (ServiceDate, ServiceDescription, ServiceCost, CarID, AppointmentID, PartID) VALUES ('2024-10-31', 'Oil change', 1256.92, 10031, 52, 20025);
INSERT INTO CarServicing (ServiceDate, ServiceDescription, ServiceCost, CarID, AppointmentID, PartID) VALUES ('2023-12-25', 'Oil change', 1733.91, 10114, 9, 20040);
INSERT INTO CarServicing (ServiceDate, ServiceDescription, ServiceCost, CarID, AppointmentID, PartID) VALUES ('2024-08-18', 'Brake replacement', 1272.73, 10072, 21, 20012);
INSERT INTO CarServicing (ServiceDate, ServiceDescription, ServiceCost, CarID, AppointmentID, PartID) VALUES ('2024-09-21', 'AC servicing', 402.52, 10139, 124, 20052);
INSERT INTO CarServicing (ServiceDate, ServiceDescription, ServiceCost, CarID, AppointmentID, PartID) VALUES ('2024-10-20', 'Battery check', 515.91, 10150, 98, 20015);
INSERT INTO CarServicing (ServiceDate, ServiceDescription, ServiceCost, CarID, AppointmentID, PartID) VALUES ('2024-01-02', 'General maintenance', 193.13, 10049, 168, 20028);
INSERT INTO CarServicing (ServiceDate, ServiceDescription, ServiceCost, CarID, AppointmentID, PartID) VALUES ('2024-07-26', 'Brake replacement', 1746.89, 10033, 62, 20005);
INSERT INTO CarServicing (ServiceDate, ServiceDescription, ServiceCost, CarID, AppointmentID, PartID) VALUES ('2024-05-02', 'Oil change', 1894.19, 10038, 161, 20018);
INSERT INTO CarServicing (ServiceDate, ServiceDescription, ServiceCost, CarID, AppointmentID, PartID) VALUES ('2024-11-05', 'Battery check', 566.35, 10167, 182, 20025);
INSERT INTO CarServicing (ServiceDate, ServiceDescription, ServiceCost, CarID, AppointmentID, PartID) VALUES ('2023-12-24', 'Transmission repair', 697.58, 10099, 112, 20095);
INSERT INTO CarServicing (ServiceDate, ServiceDescription, ServiceCost, CarID, AppointmentID, PartID) VALUES ('2024-04-05', 'Oil change', 688.7, 10185, 26, 20079);
INSERT INTO CarServicing (ServiceDate, ServiceDescription, ServiceCost, CarID, AppointmentID, PartID) VALUES ('2024-09-26', 'Engine tuning', 1262.73, 10074, 135, 20086);
INSERT INTO CarServicing (ServiceDate, ServiceDescription, ServiceCost, CarID, AppointmentID, PartID) VALUES ('2024-08-05', 'Engine tuning', 1770.19, 10145, 200, 20010);
INSERT INTO CarServicing (ServiceDate, ServiceDescription, ServiceCost, CarID, AppointmentID, PartID) VALUES ('2024-05-24', 'Brake replacement', 1243.89, 10023, 171, 20019);
INSERT INTO CarServicing (ServiceDate, ServiceDescription, ServiceCost, CarID, AppointmentID, PartID) VALUES ('2024-04-09', 'Engine tuning', 1087.21, 10075, 164, 20046);
INSERT INTO CarServicing (ServiceDate, ServiceDescription, ServiceCost, CarID, AppointmentID, PartID) VALUES ('2024-01-16', 'AC servicing', 599.17, 10113, 118, 20063);
INSERT INTO CarServicing (ServiceDate, ServiceDescription, ServiceCost, CarID, AppointmentID, PartID) VALUES ('2024-04-07', 'Transmission repair', 1136.26, 10056, 155, 20055);